sixwolves,blank field
nikolas,united states
jkfhto,blank field
josephlin55555,united states
denisname,blank field
zzyou,Undefined
oscarmorrison,australia
codetriage-readme-bot,blank field
josephlin55555,united states
zanarmstrong,united states
abranhe,Undefined
m1guelpf,spain
himanigohil,blank field
agarbuno,united states
nnmmyes,Undefined
forkme7,blank field
sguib,blank field
lawtmk,blank field
alexmacy,blank field
dipendra-n,Undefined
rezabdi,blank field
CaesarQu,blank field
curran,Undefined
ghost,Undefined
firepunch,korea
eglassman,united states
jraah55,blank field
micahstubbs,Undefined
oller,united kingdom
diogenisAl,blank field
Scottkao85,blank field
nunoarruda,Undefined
blove646,blank field
pl12133,blank field
edu3195,blank field
askmike,Undefined
nolsherry,blank field
Spencer8989,blank field
Spencer8989,blank field
ffosilva,brazil
AaronNGray,blank field
Kyeongan,united states
jefkoslowski,brazil
baerrach,blank field
william-pan,blank field
gordonwoodhull,blank field
Dev-Lan,blank field
piq9117,united states
curran,Undefined
Wombatpm,Undefined
Wombatpm,Undefined
mpersing,blank field
caravinden,Undefined
curran,Undefined
curran,Undefined
Hental,Undefined
aigouzz,blank field
mkontogiannis,Undefined
rohithdaka,blank field
ginogabriel,blank field
vanshady,blank field
gunins,ireland
maliang03,blank field
isaacl,united states
zdenekhynek,blank field
lukasappelhans,Undefined
sunrize531,australia
thejonan,bulgaria
ghost,Undefined
shanths,blank field
kristofsch,blank field
timruffles,Undefined
tvictory,blank field
Jing-Ran,blank field
codephobe,blank field
sztanko,united kingdom
stream7,blank field
jshen212,united states
ferlores,united states
anandanand84,blank field
IeuanG,united kingdom
aqnouch,morocco
lokesh005,india
ieaglle,blank field
vendethiel,blank field
jharveymerkle,united states
cssherry,united states
jfrickson,united states
fishbar,Undefined
mbostock,united states
linuss,blank field
KaranLala,blank field
Wombatpm,Undefined
cscheid,united states
mbostock,united states
mbostock,united states
mbostock,united states
nicksrandall,united states
eseifert,blank field
mbostock,united states
ppeterka,hungary
mbostock,united states
mbostock,united states
Klortho,blank field
vp2177,Undefined
vp2177,Undefined
n1n9-jp,Undefined
jamesleesaunders,blank field
jamesleesaunders,blank field
jakerichan,united states
stefwalter,blank field
lubomirov,blank field
rubenv,belgium
larskotthoff,blank field
linhphi9x94,vietnam
leitzler,blank field
andreasplesch,united states
xile611,Undefined
greut,switzerland
emadgarni,blank field
searler,blank field
flowercat07,korea
Mr0grog,blank field
hughes,united states
kkirsche,Undefined
danielbaak,blank field
kalenedrael,blank field
pgilad,israel
cvrebert,Undefined
pietersv,new zealand
patriciaborges,blank field
sghall,united states
natevw,Undefined
natevw,Undefined
prem-anand,blank field
lubomirov,blank field
natevw,Undefined
MrCox,blank field
boJackEden,united states
rcchen,united states
e-,korea
jasonly,philippines
mgetz,blank field
robinhouston,united kingdom
natevw,Undefined
tarioch,switzerland
jasondavies,united kingdom
tobgu,sweden
hyunkim9123,korea
jasondavies,united kingdom
johnstark,blank field
skywinder,russia
portante,blank field
Caster,netherlands
mrblueblue,united states
wcwung,united states
mbostock,united states
mbostock,united states
mbostock,united states
jasondavies,united kingdom
wilg,united states
alexandersimoes,blank field
ericandrewlewis,united states
RudolfHattenkofer,germany
vladh,switzerland
shawnbot,united states
wassx,austria
arjenvanoostrum,netherlands
jasondavies,united kingdom
JoshSGman,united states
brett-miller,united states
vsn4ik,russia
tpreusse,switzerland
mbostock,united states
mbostock,united states
christophe-g,france
rbu,Undefined
mauromelis,blank field
eric-poitras,canada
turbolent,canada
cvrebert,Undefined
mbostock,united states
benlesh,philippines
nitram509,germany
dandv,Undefined
dandv,Undefined
mgold,united states
ganchengyuan1990,blank field
mbostock,united states
visvirial,Undefined
mbostock,united states
mbostock,united states
mbostock,united states
jasondavies,united kingdom
floledermann,austria
jasondavies,united kingdom
kwyip,blank field
alon,blank field
jonsadka,united states
mbostock,united states
mbostock,united states
jasondavies,united kingdom
rbu,Undefined
mbostock,united states
mgold,united states
pelson,Undefined
martoranod,venezuela
mbostock,united states
mbostock,united states
mbostock,united states
dorotka,united states
jasondavies,united kingdom
mbostock,united states
jfirebaugh,united states
mbostock,united states
mbostock,united states
mbostock,united states
jasondavies,united kingdom
jasondavies,united kingdom
dribnet,new zealand
mbostock,united states
mbostock,united states
mariusnita,united states
jasondavies,united kingdom
jasondavies,united kingdom
jshanley,united states
Y--,Undefined
jasondavies,united kingdom
jchlapinski,poland
lebolo,blank field
jasondavies,united kingdom
mtraynham,united states
gka,germany
serhalp,united states
jasondavies,united kingdom
jasondavies,united kingdom
GerHobbelt,Undefined
mdunaev,estonia
chabb,united states
mbostock,united states
dwt,blank field
dwt,blank field
serhalp,united states
rkophs,united states
jasondavies,united kingdom
osharim,mexico
Anmo,blank field
jasondavies,united kingdom
Anmo,blank field
jonsadka,united states
davelandry,new zealand
jasondavies,united kingdom
gmaclennan,united states
jasondavies,united kingdom
mbostock,united states
programmist,united states
mbostock,united states
lewis500,united states
otarazan,Undefined
peperomeu,blank field
jasondavies,united kingdom
jasondavies,united kingdom
mbostock,united states
tbranyen,united states
Wattenberger,blank field
jasondavies,united kingdom
jasondavies,united kingdom
uu1101,blank field
mbostock,united states
rpoconn,blank field
mbostock,united states
Rich-Harris,united states
foolip,sweden
MichaelHilton,Undefined
afc163,china
duggiefresh,united states
jasondavies,united kingdom
mbostock,united states
ljani,finland
mserinjane,united kingdom
PrajitR,blank field
KuanSheng,blank field
PrajitR,blank field
kgonzales87,united states
kaidjohnson,blank field
jasondavies,united kingdom
Etro2148,blank field
jasondavies,united kingdom
mbostock,united states
mbostock,united states
mbostock,united states
ChALkeR,russia
jasondavies,united kingdom
mbostock,united states
jasondavies,united kingdom
esjewett,united states
mbostock,united states
kdamball,blank field
mbostock,united states
mbostock,united states
jimkang,blank field
rogerbramon,blank field
mbostock,united states
natevw,Undefined
natevw,Undefined
mbostock,united states
fabriciotav,Undefined
mbostock,united states
jakevdp,Undefined
Alex--wu,france
mbostock,united states
regiskuckaertz,united kingdom
mbostock,united states
mbostock,united states
mbostock,united states
salomvary,germany
jasondavies,united kingdom
telic,malta
musically-ut,Undefined
tcp,sweden
muddydixon,japan
jbblanchet,blank field
vijithassar,united states
voidstardb,blank field
phillipalexander,united states
gdi2290,united states
volkmuth,blank field
tcp,sweden
mbostock,united states
gdi2290,united states
zerolinux5,united states
kmindi,germany
jasondavies,united kingdom
mbostock,united states
mbostock,united states
mbostock,united states
pawarmahen,blank field
rassie,germany
mourner,Undefined
jfirebaugh,united states
gka,germany
stuglaser,united states
mbostock,united states
27359794,blank field
mbostock,united states
mbostock,united states
mbostock,united states
mbostock,united states
danielsu,germany
guybedford,south africa
27359794,blank field
27359794,blank field
27359794,blank field
jasondavies,united kingdom
mbostock,united states
guybedford,south africa
PartTimeLegend,canada
jasondavies,united kingdom
shawnbot,united states
natevw,Undefined
jrideout,united states
sulmanen,Undefined
ameyms,united states
mbostock,united states
jrideout,united states
mbostock,united states
jasondavies,united kingdom
mbostock,united states
jasondavies,united kingdom
jasondavies,united kingdom
mbostock,united states
hlvoorhees,blank field
mbostock,united states
mbostock,united states
bradens,canada
mathiasbynens,germany
jaspervdg,Undefined
mbostock,united states
mbostock,united states
jasondavies,united kingdom
Yahasana,china
IvanRave,Undefined
jasondavies,united kingdom
mbostock,united states
mbostock,united states
jasondavies,united kingdom
jasondavies,united kingdom
carlsverre,united states
mbostock,united states
Bamboofantasy,united states
mbostock,united states
mbostock,united states
jasondavies,united kingdom
herrstucki,blank field
sebastianseilund,united states
jasondavies,united kingdom
marcuskrahl,blank field
jasondavies,united kingdom
jasondavies,united kingdom
mbostock,united states
couchand,blank field
couchand,blank field
mbostock,united states
jasondavies,united kingdom
jasondavies,united kingdom
ghost,Undefined
mbostock,united states
mbostock,united states
jasondavies,united kingdom
mbostock,united states
jasondavies,united kingdom
mbostock,united states
jasondavies,united kingdom
mbostock,united states
jasondavies,united kingdom
mbostock,united states
mbostock,united states
mbostock,united states
mbostock,united states
mbostock,united states
mbostock,united states
mbostock,united states
Ta4i,ukraine
mbostock,united states
erictheise,united states
mbostock,united states
tfforums,blank field
leodutra,brazil
leodutra,brazil
adnan-wahab,united states
leodutra,brazil
mbostock,united states
jasondavies,united kingdom
mbostock,united states
mbostock,united states
mbostock,united states
mbostock,united states
mbostock,united states
jasondavies,united kingdom
mbostock,united states
MrCox,blank field
ghost,Undefined
mbostock,united states
jberns88,blank field
mbostock,united states
mbostock,united states
tschaub,blank field
timmywil,united states
mbostock,united states
mbostock,united states
mbostock,united states
mbostock,united states
mbostock,united states
mbostock,united states
mbostock,united states
mbostock,united states
mbostock,united states
mbostock,united states
mbostock,united states
mbostock,united states
jaredly,united states
mbostock,united states
mbostock,united states
mbostock,united states
pjanik,poland
mbostock,united states
mbostock,united states
trinary,united states
zhuangya,china
jasondavies,united kingdom
mbostock,united states
adnan-wahab,united states
mbostock,united states
mbostock,united states
jasondavies,united kingdom
mbostock,united states
jasondavies,united kingdom
jasondavies,united kingdom
bigsley,united states
mbostock,united states
mbostock,united states
mhsmith,blank field
jasondavies,united kingdom
jasondavies,united kingdom
jasondavies,united kingdom
jasondavies,united kingdom
jasondavies,united kingdom
mbostock,united states
mbostock,united states
jasondavies,united kingdom
mbostock,united states
jasondavies,united kingdom
mbostock,united states
jasondavies,united kingdom
mbostock,united states
mbostock,united states
mbostock,united states
notlion,united states
Freeyorp,blank field
kosiakk,switzerland
jasondavies,united kingdom
jasondavies,united kingdom
mbostock,united states
trinary,united states
mrcarlosrendon,Undefined
mbostock,united states
mbostock,united states
christophe-g,france
mbostock,united states
shilad,blank field
moshbitten,united states
sammyt,united kingdom
mbostock,united states
mbostock,united states
fabriciotav,Undefined
Sigfried,united states
mbostock,united states
aprilrd,korea
sarvaje,united states
jasondavies,united kingdom
jasondavies,united kingdom
jasondavies,united kingdom
jasondavies,united kingdom
mcandre,united states
mcandre,united states
jasondavies,united kingdom
mbostock,united states
mbostock,united states
mbostock,united states
mbostock,united states
mbostock,united states
mbostock,united states
mbostock,united states
scottcheng,united states
Swatinem,austria
jasondavies,united kingdom
moshbitten,united states
sammyt,united kingdom
mbostock,united states
mbostock,united states
fabriciotav,Undefined
Sigfried,united states
mbostock,united states
aprilrd,korea
sarvaje,united states
jasondavies,united kingdom
jasondavies,united kingdom
jasondavies,united kingdom
jasondavies,united kingdom
mcandre,united states
mcandre,united states
jasondavies,united kingdom
mbostock,united states
mbostock,united states
mbostock,united states
mbostock,united states
mbostock,united states
mbostock,united states
mbostock,united states
scottcheng,united states
Swatinem,austria
jasondavies,united kingdom
jasondavies,united kingdom
clkao,taiwan
raganesh,blank field
mbostock,united states
danmilon,greece
jfirebaugh,united states
mbostock,united states
tillberg,united states
gbradley,united kingdom
jisaacks,united states
AndruByrne,united states
theoreticaLee,united states
iterion,united states
mbostock,united states
jasondavies,united kingdom
ilyabo,switzerland
jasondavies,united kingdom
jasondavies,united kingdom
jasondavies,united kingdom
deanmalmgren,united states
jasondavies,united kingdom
jasondavies,united kingdom
jasondavies,united kingdom
bm-w,panama
jasondavies,united kingdom
deanmalmgren,united states
cscheid,united states
jasondavies,united kingdom
mbostock,united states
mbostock,united states
jasondavies,united kingdom
mbostock,united states
jasondavies,united kingdom
aeosynth,united states
ZJONSSON,blank field
mbostock,united states
mbostock,united states
smcgivern,blank field
mbostock,united states
mbostock,united states
jasondavies,united kingdom
mbostock,united states
jasondavies,united kingdom
leonardseymore,south africa
muddydixon,japan
mbostock,united states
purohit,germany
mbostock,united states
jasondavies,united kingdom
calvinmetcalf,united states
mbostock,united states
tfkhsr,germany
karmi,czechia
aogriffiths,blank field
jfirebaugh,united states
ZJONSSON,blank field
mbostock,united states
mbostock,united states
mbostock,united states
mbostock,united states
mbostock,united states
kevincarrogan,united kingdom
jomido,canada
jasondavies,united kingdom
darwin,blank field
mbostock,united states
mbostock,united states
jasondavies,united kingdom
tmcw,united states
mbostock,united states
jasondavies,united kingdom
kriscarle,Undefined
jasondavies,united kingdom
mbostock,united states
rushton,united states
smcgivern,blank field
gghh,czechia
mbostock,united states
paulgb,united states
jasondavies,united kingdom
jasondavies,united kingdom
mbostock,united states
mbostock,united states
christophermanning,united states
ajtulloch,united states
mbostock,united states
mbostock,united states
isaacs,Undefined
danse,Undefined
dancrumb,united states
jasondavies,united kingdom
jasondavies,united kingdom
mila76,blank field
jasondavies,united kingdom
natevw,Undefined
jasondavies,united kingdom
jasondavies,united kingdom
jasondavies,united kingdom
jasondavies,united kingdom
jasondavies,united kingdom
jasondavies,united kingdom
gedejong,Undefined
jasondavies,united kingdom
jasondavies,united kingdom
jasondavies,united kingdom
jasondavies,united kingdom
rushton,united states
jasondavies,united kingdom
jasondavies,united kingdom
jasondavies,united kingdom
jasondavies,united kingdom
jasondavies,united kingdom
jasondavies,united kingdom
jasondavies,united kingdom
jasondavies,united kingdom
jasondavies,united kingdom
jasondavies,united kingdom
jasondavies,united kingdom
ZJONSSON,blank field
evanworley,united states
jasondavies,united kingdom
jasondavies,united kingdom
jasondavies,united kingdom
jasondavies,united kingdom
jasondavies,united kingdom
jasondavies,united kingdom
muddydixon,japan
jasondavies,united kingdom
jasondavies,united kingdom
jasondavies,united kingdom
mrmicjam,blank field
jasondavies,united kingdom
jasondavies,united kingdom
jasondavies,united kingdom
jasondavies,united kingdom
jasondavies,united kingdom
jasondavies,united kingdom
jasondavies,united kingdom
mnmly,united states
jasondavies,united kingdom
rgarcia,united states
ludoo,italy
jasondavies,united kingdom
jasondavies,united kingdom
bdon,united states
jasondavies,united kingdom
makyo,united states
jnordberg,Undefined
gollmann,blank field
muddydixon,japan
jasondavies,united kingdom
jasondavies,united kingdom
mbostock,united states
mbostock,united states
jasondavies,united kingdom
jbeard4,united states
jasondavies,united kingdom
jasondavies,united kingdom
gunn,new zealand
mbostock,united states
mbostock,united states
jasondavies,united kingdom
jasondavies,united kingdom
jasondavies,united kingdom
jasondavies,united kingdom
jasondavies,united kingdom
mbostock,united states
ZJONSSON,blank field
nicanor-b,united states
scholarsmate,liberia
ZJONSSON,blank field
mbostock,united states
ZJONSSON,blank field
jasondavies,united kingdom
tbranyen,united states
GerHobbelt,Undefined
javisantana,spain
jasondavies,united kingdom
GerHobbelt,Undefined
GerHobbelt,Undefined
GerHobbelt,Undefined
jasondavies,united kingdom
GerHobbelt,Undefined
mbostock,united states
ZJONSSON,blank field
habeanf,blank field
ZJONSSON,blank field
jasondavies,united kingdom
jasondavies,united kingdom
jasondavies,united kingdom
jasondavies,united kingdom
jamierytlewski,Undefined
jasondavies,united kingdom
mbostock,united states
jasondavies,united kingdom
jasondavies,united kingdom
vogievetsky,united states
jasondavies,united kingdom
jasondavies,united kingdom
jasondavies,united kingdom
jasondavies,united kingdom
jasondavies,united kingdom
jasondavies,united kingdom
snoble,blank field
NathanaelA,Undefined
mikeycgto,united states
mbostock,united states
mbostock,united states
mbostock,united states
gregsymons,united states
nevir,united states
mbostock,united states
jasondavies,united kingdom
mbostock,united states
jasondavies,united kingdom
jasondavies,united kingdom
jasondavies,united kingdom
jasondavies,united kingdom
nevir,united states
mbostock,united states
gabrielmontagne,united kingdom
snoble,blank field
jasondavies,united kingdom
jasondavies,united kingdom
jasondavies,united kingdom
jasondavies,united kingdom
theJohnnyBrown,united states
jasondavies,united kingdom
jasondavies,united kingdom
natevw,Undefined
mbostock,united states
mbostock,united states
jasondavies,united kingdom
jasondavies,united kingdom
tcha-tcho,brazil
jasondavies,united kingdom
mbostock,united states
mbostock,united states
mbostock,united states
jasondavies,united kingdom
paatsinsuwan,blank field
mbostock,united states
mbostock,united states
mbostock,united states
mbostock,united states
mbostock,united states
mbostock,united states
mbostock,united states
mbostock,united states
mbostock,united states
larskotthoff,blank field
mbostock,united states
krid,Undefined
sj26,australia
bdon,united states
shawnbot,united states
mbostock,united states
geowa4,united kingdom
jasondavies,united kingdom
dadleyy,united states
eghm,blank field
jasondavies,united kingdom
jasondavies,united kingdom
jasondavies,united kingdom
jasondavies,united kingdom
mbostock,united states
GerHobbelt,Undefined
GerHobbelt,Undefined
mbostock,united states
jasondavies,united kingdom
gigadude,blank field
alexstrat,france
webmonarch,united states
mbostock,united states
jasondavies,united kingdom
dcporter,united states
marcneuwirth,united states
jasondavies,united kingdom
jasondavies,united kingdom
kitmonisit,Undefined
kitmonisit,Undefined
jasondavies,united kingdom
mbostock,united states
mbostock,united states
mbostock,united states
jonseymour,australia
jasondavies,united kingdom
jasondavies,united kingdom
mmeisel,united states
jasondavies,united kingdom
mbostock,united states
jasondavies,united kingdom
kitmonisit,Undefined
zenmoto,united states
RichMorin,united states
cscheid,united states
jasondavies,united kingdom
lgrammel,germany
justincormack,new zealand
mbostock,united states
mbostock,united states
loganlinn,united states
mbostock,united states
mbostock,united states
stepheneb,blank field
g2010a,blank field
mjackson,united states
mjackson,united states
jasondavies,united kingdom
mbostock,united states
ZeeAgency,france
mbostock,united states
luispedro,Undefined
jasondavies,united kingdom
alex,Undefined
mbostock,united states
mbostock,united states
jasondavies,united kingdom
jasondavies,united kingdom
jasondavies,united kingdom
indec,united states
mbostock,united states
jasondavies,united kingdom
jasondavies,united kingdom
johan,united states
mbostock,united states
jasondavies,united kingdom
mbostock,united states
jwhitley,united states
trevnorris,united states
abh,united states
mbostock,united states
mbostock,united states
mbostock,united states
mbostock,united states
jasondavies,united kingdom
jasondavies,united kingdom
larskotthoff,blank field
jasondavies,united kingdom
conorbranagan,united states
natevw,Undefined
twooster,germany
mbostock,united states
asuth,united states
radford,blank field
larskotthoff,blank field
mbostock,united states
mccannf,blank field
jasondavies,united kingdom
bbroeksema,netherlands
jasondavies,united kingdom
mbostock,united states
jasondavies,united kingdom
jasondavies,united kingdom
mbostock,united states
andycjw,taiwan
drslump,spain
GerHobbelt,Undefined
jasondavies,united kingdom
jasondavies,united kingdom
jasondavies,united kingdom
jasondavies,united kingdom
jasondavies,united kingdom
natevw,Undefined
jasondavies,united kingdom
jasondavies,united kingdom
jasondavies,united kingdom
ajcollins,united kingdom
mbostock,united states
jasondavies,united kingdom
jasondavies,united kingdom
jasondavies,united kingdom
jasondavies,united kingdom
jasondavies,united kingdom
jasondavies,united kingdom
GunioRobot,Undefined
jasondavies,united kingdom
jasondavies,united kingdom
jasondavies,united kingdom
johan,united states
jasondavies,united kingdom
jasondavies,united kingdom
jasondavies,united kingdom
jasondavies,united kingdom
jasondavies,united kingdom
jasondavies,united kingdom
larskotthoff,blank field
larskotthoff,blank field
larskotthoff,blank field
larskotthoff,blank field
jasondavies,united kingdom
jasondavies,united kingdom
jasondavies,united kingdom
bixente,blank field
jasondavies,united kingdom
jasondavies,united kingdom
abernier,france
jasondavies,united kingdom
jasondavies,united kingdom
johan,united states
jasondavies,united kingdom
lynaghk,poland
mbostock,united states
mbostock,united states
pjjw,united states
pjjw,united states
jasondavies,united kingdom
jasondavies,united kingdom
jasondavies,united kingdom
AWinterman,Undefined
larskotthoff,blank field
yasirs,blank field
boothead,blank field
enjalot,united states
jasondavies,united kingdom
jasondavies,united kingdom
jasondavies,united kingdom
jasondavies,united kingdom
jasondavies,united kingdom
jasondavies,united kingdom
mbostock,united states
jasondavies,united kingdom
syntagmatic,united states
jasondavies,united kingdom
jasondavies,united kingdom
jasondavies,united kingdom
jasondavies,united kingdom
jasondavies,united kingdom
xaviershay,australia
jasondavies,united kingdom
jasondavies,united kingdom
jasondavies,united kingdom
jasondavies,united kingdom
jasondavies,united kingdom
mbostock,united states
jasondavies,united kingdom
jasondavies,united kingdom
maoe,japan
lynaghk,poland
jfirebaugh,united states
jasondavies,united kingdom
futuraprime,united kingdom
chrisgemignani,united states
jasondavies,united kingdom
jasondavies,united kingdom
jasondavies,united kingdom
tmont,united states
jasondavies,united kingdom
jasondavies,united kingdom
Caged,united states
lynaghk,poland
drio,Undefined
jasondavies,united kingdom
ignacioola,argentina
jmalonzo,australia
vthiagu,blank field
natevw,Undefined
jasondavies,united kingdom
jasondavies,united kingdom
jasondavies,united kingdom
jasondavies,united kingdom
jasondavies,united kingdom
jasondavies,united kingdom
alecf,blank field
lynaghk,poland
jasondavies,united kingdom
mbostock,united states
mbostock,united states
mbostock,united states
mbostock,united states
biovisualize,blank field
syntagmatic,united states
biovisualize,blank field
jasondavies,united kingdom
jasondavies,united kingdom
jasondavies,united kingdom
kforeman,united states
jasondavies,united kingdom
jasondavies,united kingdom
adhertz,blank field
jasondavies,united kingdom
jasondavies,united kingdom
jasondavies,united kingdom
jasondavies,united kingdom
jasondavies,united kingdom
mbostock,united states
jasondavies,united kingdom
jasondavies,united kingdom
jasondavies,united kingdom
jasondavies,united kingdom
jasondavies,united kingdom
jasondavies,united kingdom
jasondavies,united kingdom
jasondavies,united kingdom
jasondavies,united kingdom
jasondavies,united kingdom
jasondavies,united kingdom
jasondavies,united kingdom
jasondavies,united kingdom
jasondavies,united kingdom
jasondavies,united kingdom
jasondavies,united kingdom
jasondavies,united kingdom
jasondavies,united kingdom
jasondavies,united kingdom
jasondavies,united kingdom
jasondavies,united kingdom
jasondavies,united kingdom
Caged,united states
jasondavies,united kingdom
jasondavies,united kingdom
jasondavies,united kingdom
NelsonMinar,united states
jasondavies,united kingdom
