apiaget,blank field
brandyscarney,united states
paulstelzer,germany
paulstelzer,germany
joselitojunior1,Undefined
kensodemann,united states
dwieeb,blank field
moduscreate,Undefined
Yomyer,spain
mhartington,united states
schmitzt3,united states
juanmiguelbesada,spain
rtpHarry,argentina
danielsogl,germany
danielsogl,germany
danielsogl,germany
danielsogl,germany
danielsogl,germany
danielsogl,germany
danielsogl,germany
danielsogl,germany
danielsogl,germany
danielsogl,germany
zwacky,germany
ptitjes,france
ptitjes,france
olivier-po,blank field
peterpeterparker,switzerland
simonhaenisch,Undefined
paulstelzer,germany
paulstelzer,germany
paulstelzer,germany
michaeltintiuc,Undefined
gezbo,blank field
gezbo,blank field
alexanderschulze,new zealand
alesgenova,united states
paulstelzer,germany
paulstelzer,germany
brandyscarney,united states
rdlabo,japan
odykyi,Undefined
manucorporat,spain
peterpeterparker,switzerland
kensodemann,united states
mburger81,blank field
kensodemann,united states
mburger81,blank field
shahkeyur,india
sean-perkins,united states
abennouna,morocco
abennouna,morocco
VahidNaderi,blank field
mhartington,united states
chrisgriffith,united states
jthoms1,united states
manucorporat,spain
chrisgriffith,united states
ptitjes,france
michaeltintiuc,Undefined
Mobiletainment,austria
joshterrill,united states
hal1984,Undefined
manucorporat,spain
sean-perkins,united states
gelder-ux,united states
peterpeterparker,switzerland
sean-perkins,united states
frenmanoj,united states
jordanpurinton,blank field
elingerojo,blank field
manucorporat,spain
manucorporat,spain
zwacky,germany
patrickmcd,blank field
brandyscarney,united states
douglasgc,blank field
damiant,blank field
adamlacombe,blank field
zacharylawson,canada
sbannigan,united states
TwitchBronBron,blank field
peterpeterparker,switzerland
peterpeterparker,switzerland
mhartington,united states
camwiegert,united states
adamlacombe,blank field
brandyscarney,united states
haydenbr,australia
kensodemann,united states
adamlacombe,blank field
carstenbaumhoegger,germany
llwwbb,blank field
sean-perkins,united states
brandyscarney,united states
mohamed155,Undefined
olivier-po,blank field
tntwist,germany
Rift-Walker,united states
iampersistent,Undefined
genebustam,chile
raghunat,united states
mburger81,blank field
mburger81,blank field
mburger81,blank field
amcastror,blank field
romulocintra,Undefined
SanjanaTailor,blank field
chrisgriffith,united states
kamrulislam,blank field
adrm,mexico
mlynch,united states
danbucholtz,united states
rdlabo,japan
mhartington,united states
KillerCodeMonkey,germany
perrygovier,united states
pwespi,blank field
pwespi,blank field
ghybs,blank field
ghybs,blank field
perrygovier,united states
manucorporat,spain
juanmiguelbesada,spain
AhsanAyaz,pakistan
adrm,mexico
manucorporat,spain
IsaacSomething,blank field
mhartington,united states
brandyscarney,united states
mhartington,united states
brandyscarney,united states
rdlabo,japan
manucorporat,spain
manucorporat,spain
satbirjhuti,Undefined
danielsogl,germany
manucorporat,spain
Spartanace1024,blank field
danielsogl,germany
danielsogl,germany
danielsogl,germany
ghybs,blank field
mhartington,united states
manucorporat,spain
kgroat,united states
aphex,united states
mhartington,united states
mlynch,united states
peterblazejewicz,Undefined
danielsogl,germany
aphex,united states
rdlabo,japan
rdlabo,japan
mhartington,united states
janpio,germany
aphex,united states
aphex,united states
rdlabo,japan
AmitMY,israel
acoreyj,united states
CristiTorrejon,blank field
stionic,vietnam
simonhaenisch,Undefined
perrygovier,united states
mhartington,united states
arjunyel,united states
manucorporat,spain
manucorporat,spain
peterbakonyi05,malta
manucorporat,spain
jrmlt,france
Fdom92,spain
manucorporat,spain
danbucholtz,united states
hsorellana,panama
Fdom92,spain
Spartanace1024,blank field
aphex,united states
danbucholtz,united states
danbucholtz,united states
peterkelly,thailand
danbucholtz,united states
soumak77,united states
danbucholtz,united states
nguyenkien,blank field
mhartington,united states
amreladawy,blank field
mhartington,united states
HibernantBear,china
danbucholtz,united states
danbucholtz,united states
danbucholtz,united states
danbucholtz,united states
mhartington,united states
aphex,united states
StefanRein,germany
kohbo,united states
mhartington,united states
aphex,united states
taccarlo,blank field
sagittarius-rev,blank field
kensodemann,united states
codetriage-readme-bot,blank field
danbucholtz,united states
danbucholtz,united states
danbucholtz,united states
danbucholtz,united states
mediantiba,lithuania
pastcompute,Undefined
niilante,ghana
rakshans1,india
danbucholtz,united states
danbucholtz,united states
camwiegert,united states
jhavinay,blank field
manucorporat,spain
valentinxxx,hungary
camwiegert,united states
lasher23,blank field
aphex,united states
rcjsuen,canada
ndunks,indonesia
camwiegert,united states
datencia,spain
zbarbuto,blank field
vretamal,blank field
ramdesh,sri lanka
moonchanyong,blank field
camwiegert,united states
maheee,austria
danbucholtz,united states
danbucholtz,united states
camwiegert,united states
brandyscarney,united states
danbucholtz,united states
danbucholtz,united states
camwiegert,united states
mhartington,united states
alan-agius4,malta
bennibjorn,blank field
him2him2,united states
danbucholtz,united states
danbucholtz,united states
danbucholtz,united states
danbucholtz,united states
camwiegert,united states
swaheed2,united states
aphex,united states
danbucholtz,united states
FdezRomero,spain
longgt,blank field
danbucholtz,united states
danbucholtz,united states
danbucholtz,united states
danbucholtz,united states
danbucholtz,united states
mhartington,united states
brandyscarney,united states
znegva,blank field
FdezRomero,spain
mhartington,united states
danbucholtz,united states
camwiegert,united states
danbucholtz,united states
mfdeveloper,blank field
danbucholtz,united states
hikouki,japan
hikouki,japan
brandyscarney,united states
camwiegert,united states
mhartington,united states
brandyscarney,united states
mhartington,united states
danbucholtz,united states
mhartington,united states
kensodemann,united states
olivercodes,united states
kensodemann,united states
kensodemann,united states
danbucholtz,united states
Jmunapo,zimbabwe
mvsouza,Undefined
MohammadWaleed,blank field
brandyscarney,united states
kensodemann,united states
mhartington,united states
danbucholtz,united states
camwiegert,united states
danbucholtz,united states
Gorniv,russia
ceosion,united states
lopezhansel,united states
pwespi,blank field
nibytes,ukraine
danbucholtz,united states
camwiegert,united states
loopezz,blank field
Sampath-Lokuge,sri lanka
camwiegert,united states
HugoHeneault,blank field
leo6104,Undefined
brandyscarney,united states
Dhineshdx,blank field
mskrzyniarz,blank field
danbucholtz,united states
camwiegert,united states
danbucholtz,united states
JasonAsmk,greece
khevamann,united states
vilchik-elena,blank field
vinzZappavigna,italy
JasonAsmk,greece
jrmlt,france
SoSayethSimon,blank field
laurentperroteau,france
trik,Undefined
todrules,blank field
brandyscarney,united states
danielsogl,germany
iwantwin,blank field
dlazzy,france
masimplo,greece
masimplo,greece
manucorporat,spain
JasonAsmk,greece
CoreyCole,united states
masimplo,greece
manucorporat,spain
mlynch,united states
mlynch,united states
masimplo,greece
zacharylawson,canada
danielsogl,germany
danielsogl,germany
danbucholtz,united states
mhartington,united states
brandyscarney,united states
patrickmcd,blank field
AmitMY,israel
alan-agius4,malta
danielsogl,germany
RichardHoultz,blank field
jamesgroat,blank field
shaliko,russia
wilgert,netherlands
ChezRD,Undefined
danielsogl,germany
danielsogl,germany
danielsogl,germany
danielsogl,germany
danielsogl,germany
danielsogl,germany
danielsogl,germany
danielsogl,germany
danielsogl,germany
danielsogl,germany
danielsogl,germany
rory-pickering,united kingdom
soumak77,united states
mhartington,united states
kensodemann,united states
kensodemann,united states
kensodemann,united states
masimplo,greece
bot101,nigeria
danielsogl,germany
manucorporat,spain
iwantwin,blank field
sijav,iran
sijav,iran
danbucholtz,united states
christopher1215,blank field
beenotung,blank field
elin-y,blank field
danbucholtz,united states
maxwellium,blank field
danielsogl,germany
kensodemann,united states
kensodemann,united states
realappie,netherlands
wbhob,united states
danbucholtz,united states
jromerob,blank field
toddpress,united states
jacek-jaskolski,poland
marcovtwout,Undefined
coffeduong,vietnam
danbucholtz,united states
danbucholtz,united states
Stukongeluk,blank field
jeffcressman,australia
ceosion,united states
intellix,Undefined
kpoconnor,blank field
soumak77,united states
soumak77,united states
soumak77,united states
AmitMY,israel
kelvindart,united kingdom
kelvindart,united kingdom
kelvindart,united kingdom
John-Luke,brazil
mukana-lahtelat,blank field
mfdeveloper,blank field
stalniy,ukraine
janpio,germany
jesusbotella,spain
alan-agius4,malta
dudeofawesome,united states
kelvindart,united kingdom
AmitMY,israel
mfdeveloper,blank field
alan-agius4,malta
janpio,germany
manucorporat,spain
manucorporat,spain
janpio,germany
ChezRD,Undefined
Hofmanix,blank field
danbucholtz,united states
mhartington,united states
surajkochale,india
akaztp,portugal
zakton5,united states
lincolnthree,Undefined
alexkonovalov,estonia
goodells,united states
Manduro,Undefined
zakton5,united states
peterpeterparker,switzerland
mhartington,united states
HenryDangPRG,blank field
pranjal-goswami,india
RodolfoSilva,Undefined
AmitMY,israel
manucorporat,spain
alaa-alshamy,blank field
FdezRomero,spain
janpio,germany
b264,united states
jamesgroat,blank field
danbucholtz,united states
pwespi,blank field
danielsogl,germany
iget-master,blank field
RoopeHakulinen,finland
janpio,germany
Manduro,Undefined
Manduro,Undefined
jrmlt,france
WaveMeUp,russia
peterssonanton,sweden
mnewmedia,switzerland
danbucholtz,united states
danielfliegauf,blank field
Manduro,Undefined
manucorporat,spain
AmitMY,israel
mnewmedia,switzerland
AmitMY,israel
mnewmedia,switzerland
mnewmedia,switzerland
cesareian,blank field
janpio,germany
cgat,blank field
danbucholtz,united states
mnewmedia,switzerland
AmitMY,israel
sijav,iran
sijav,iran
AmitMY,israel
ihadeed,canada
manucorporat,spain
5im0n,france
Fdom92,spain
manucorporat,spain
Manduro,Undefined
mhartington,united states
AmitMY,israel
Manduro,Undefined
AmitMY,israel
manucorporat,spain
yozman,blank field
Manduro,Undefined
realappie,netherlands
AmitMY,israel
danielsogl,germany
AmitMY,israel
AmitMY,israel
wbhob,united states
wbhob,united states
AmitMY,israel
trumbitta,italy
danielsogl,germany
AmitMY,israel
zakton5,united states
zakton5,united states
zakton5,united states
zakton5,united states
AmitMY,israel
AmitMY,israel
AmitMY,israel
lweb20,blank field
imgx64,blank field
brandyscarney,united states
TheWass,blank field
aggarwalankush,philippines
danielsogl,germany
AmitMY,israel
danielsogl,germany
AmitMY,israel
danielsogl,germany
AmitMY,israel
danielsogl,germany
charlouze,france
sijav,iran
stalniy,ukraine
stalniy,ukraine
hrangel,blank field
joewoodhouse,blank field
sijav,iran
lweb20,blank field
danielsogl,germany
danielsogl,germany
danielsogl,germany
danielsogl,germany
danielsogl,germany
danielsogl,germany
danielsogl,germany
danielsogl,germany
danielsogl,germany
sijav,iran
AmitMY,israel
sijav,iran
sijav,iran
AmitMY,israel
sijav,iran
sijav,iran
Khalid-Nowaf,canada
Khalid-Nowaf,canada
danielsogl,germany
AmitMY,israel
ammulder,Undefined
akaztp,portugal
Khalid-Nowaf,canada
davdiv,blank field
mlacorte,united states
danielsogl,germany
Manduro,Undefined
snirs90,blank field
danielsogl,germany
AmitMY,israel
AmitMY,israel
ihadeed,canada
shanesmith,canada
mniess,germany
chrisgriffith,united states
hadrien-toma,france
hayuki,south africa
danielsogl,germany
danielsogl,germany
AmitMY,israel
AmitMY,israel
alaa-alshamy,blank field
AmitMY,israel
AmitMY,israel
AmitMY,israel
AmitMY,israel
plusCubed,united states
dudeofawesome,united states
danielsogl,germany
Kyry11,blank field
kulshekhar,blank field
manucorporat,spain
jamesgroat,blank field
danbucholtz,united states
kendall1997,costa rica
danbucholtz,united states
imgx64,blank field
imgx64,blank field
janrg,blank field
alexbbt,blank field
danielsogl,germany
manucorporat,spain
jdm79,united kingdom
manucorporat,spain
icedt89,germany
danielsogl,germany
AmitMY,israel
AndreasGassmann,blank field
meisterlampe,blank field
manucorporat,spain
manucorporat,spain
masimplo,greece
masimplo,greece
ciekawy,blank field
ihadeed,canada
brandyscarney,united states
AmitMY,israel
AmitMY,israel
mausibris,blank field
ihadeed,canada
ihadeed,canada
ihadeed,canada
jgw96,united states
martijnluyckx,belgium
danielsogl,germany
danielsogl,germany
manucorporat,spain
AmitMY,israel
neilbo,blank field
danielsogl,germany
danielsogl,germany
danielsogl,germany
Ritzlgrmft,germany
danbucholtz,united states
sijav,iran
AmitMY,israel
sijav,iran
sijav,iran
AmitMY,israel
AmitMY,israel
sijav,iran
sijav,iran
sijav,iran
sijav,iran
sijav,iran
haydenbr,australia
joshterrill,united states
edmundo096,Undefined
danielsogl,germany
danbucholtz,united states
manucorporat,spain
AmitMY,israel
dylanvdmerwe,south africa
dylanvdmerwe,south africa
perrygovier,united states
AmitMY,israel
John-Luke,brazil
John-Luke,brazil
AmitMY,israel
brandyscarney,united states
AmitMY,israel
AmitMY,israel
AmitMY,israel
AmitMY,israel
AmitMY,israel
John-Luke,brazil
mausibris,blank field
joewoodhouse,blank field
ataraxus,germany
John-Luke,brazil
John-Luke,brazil
John-Luke,brazil
John-Luke,brazil
danielsogl,germany
soumak77,united states
gengjunwu,new zealand
manucorporat,spain
rapropos,Undefined
AmitMY,israel
AmitMY,israel
ayman-alkom,Undefined
manucorporat,spain
brandyscarney,united states
mickadoua,france
soumak77,united states
geykel,blank field
musahaidari,afghanistan
musahaidari,afghanistan
tagmat,blank field
AmitMY,israel
HsuanXyz,Undefined
manucorporat,spain
yozman,blank field
manucorporat,spain
lujakob,germany
rossholdway,blank field
jdm79,united kingdom
perrygovier,united states
metz0r,sweden
royipressburger,blank field
JamesWilkinson-ICFOlson,canada
ajcrites,united states
alex312,blank field
themastersoda,lithuania
manucorporat,spain
AmitMY,israel
AmitMY,israel
5im0n,france
manucorporat,spain
manucorporat,spain
manucorporat,spain
FdezRomero,spain
VishvasTechhive,blank field
NorthMcCormick,Undefined
MichaelNeas,Undefined
danbucholtz,united states
Manduro,Undefined
flivni,united states
flivni,united states
manucorporat,spain
HassanCehef,france
superkew,blank field
manucorporat,spain
manucorporat,spain
imgx64,blank field
AmitMY,israel
pikotea,japan
danbucholtz,united states
alex-pl,germany
lujakob,germany
patrickbussmann,jamaica
flivni,united states
manucorporat,spain
manucorporat,spain
flivni,united states
danbucholtz,united states
danbucholtz,united states
TomDemulierChevret,france
patnolanireland,Undefined
topalavlad,japan
danbucholtz,united states
jgw96,united states
sreckosmodis,slovenia
mhartington,united states
brandyscarney,united states
manucorporat,spain
roblouie,united states
HassanCehef,france
manucorporat,spain
royappa,blank field
mthahzan,blank field
topalavlad,japan
jgw96,united states
thielCole,philippines
F1oyd,russia
danbucholtz,united states
brandyscarney,united states
jgw96,united states
jgw96,united states
manucorporat,spain
Mohsen7s,iran
Palisanka,Undefined
5im0n,france
stefanhuber,Undefined
AhmadAmri,blank field
intellix,Undefined
garygitton,france
jgw96,united states
BrandonShar,united states
jodybrewster,united states
manucorporat,spain
alan-agius4,malta
brandyscarney,united states
jgw96,united states
melvinlunder,blank field
aggarwalankush,philippines
jgw96,united states
brandyscarney,united states
masimplo,greece
ryanhalley,blank field
jgw96,united states
jgw96,united states
brandyscarney,united states
anterodev,Undefined
brandyscarney,united states
brandyscarney,united states
jaapjanfrans,blank field
lujakob,germany
ihsanberahim,malaysia
brandyscarney,united states
brandyscarney,united states
manucorporat,spain
brandyscarney,united states
amuramoto,united states
masimplo,greece
jgw96,united states
brandyscarney,united states
manucorporat,spain
thessler27,cuba
jackfengji,china
AndreasGassmann,blank field
manucorporat,spain
rogiervandenberg,netherlands
cmorbitzer,united states
zfael,blank field
mhartington,united states
wbhob,united states
brandyscarney,united states
danbucholtz,united states
jsayol,spain
lmeireles,blank field
brandyscarney,united states
mhartington,united states
hazeem1991,Undefined
Manduro,Undefined
brandyscarney,united states
mohamedsharaf,egypt
ojacquemart,france
rapropos,Undefined
rapropos,Undefined
Flink91,germany
DevVersion,blank field
kwiateusz,blank field
jsayol,spain
norami,blank field
brandyscarney,united states
jgw96,united states
jgw96,united states
jgw96,united states
Manduro,Undefined
adamdbradley,united states
jgw96,united states
jguix,venezuela
jgw96,united states
zeng-ge,Undefined
jgw96,united states
jgw96,united states
jgw96,united states
Isigiel,germany
mhartington,united states
jgw96,united states
jgw96,united states
Bloggerschmidt,germany
carstenbaumhoegger,germany
ihadeed,canada
brandyscarney,united states
jgw96,united states
glaucocustodio,Undefined
r7sy,blank field
jgw96,united states
jsayol,spain
jgw96,united states
brandyscarney,united states
danbucholtz,united states
jgw96,united states
danbucholtz,united states
danbucholtz,united states
brandyscarney,united states
AndreasGassmann,blank field
jgw96,united states
jgw96,united states
devmobileaim,blank field
genie-youn,korea
mhartington,united states
jsayol,spain
jsayol,spain
brandyscarney,united states
lh4111,china
Jannnnnn,Undefined
dominikstrasser,Undefined
russiann,brazil
manucorporat,spain
dolanmiu,united kingdom
Manduro,Undefined
masimplo,greece
manucorporat,spain
Manduro,Undefined
spacesuitdiver,united states
manucorporat,spain
Manduro,Undefined
ana-ya,blank field
manucorporat,spain
waitaction,blank field
dominikstrasser,Undefined
manucorporat,spain
cambronjay,Undefined
sinedied,france
wwallace,blank field
Mokto,blank field
idanelgar,blank field
amuramoto,united states
amuramoto,united states
dscafati,Undefined
ncapito,australia
RockinRonE,blank field
sinedied,france
manucorporat,spain
Jannnnnn,Undefined
txavier,blank field
dominikstrasser,Undefined
musahaidari,afghanistan
dnshr,blank field
kodeman14,Undefined
ihadeed,canada
manucorporat,spain
todrules,blank field
brandyscarney,united states
brandyscarney,united states
frederickjansen,blank field
masimplo,greece
rayonx,blank field
manucorporat,spain
manucorporat,spain
iwejay,india
adamdbradley,united states
mhartington,united states
manucorporat,spain
manucorporat,spain
ramonornela,Undefined
manucorporat,spain
ramonornela,Undefined
amuramoto,united states
muhammedbasilsk,Undefined
jgw96,united states
manucorporat,spain
mhartington,united states
manucorporat,spain
manucorporat,spain
manucorporat,spain
jgw96,united states
alan-agius4,malta
alan-agius4,malta
dudeofawesome,united states
brandyscarney,united states
ncapito,australia
mlynch,united states
Manduro,Undefined
dennybiasiolli,Undefined
distante,blank field
PAFsec,blank field
brandyscarney,united states
brandyscarney,united states
manucorporat,spain
haxpor,china
jhlee8804,korea
manucorporat,spain
manucorporat,spain
manucorporat,spain
dennybiasiolli,Undefined
ramonornela,Undefined
Ulydev,france
ramonornela,Undefined
manucorporat,spain
vaskou,greece
ramonornela,Undefined
jgw96,united states
JakePrice86,Undefined
manucorporat,spain
uofmmike,united states
stalniy,ukraine
bul-ikana,Undefined
bul-ikana,Undefined
John-Luke,brazil
John-Luke,brazil
manucorporat,spain
bul-ikana,Undefined
bul-ikana,Undefined
hotforfeature,united states
jgw96,united states
tlaverdure,united states
tkrupers,netherlands
manucorporat,spain
jgw96,united states
trik,Undefined
mifkys,russia
brandyscarney,united states
nakulgulati,india
dennybiasiolli,Undefined
dennybiasiolli,Undefined
martinmine,blank field
jamesgroat,blank field
stalniy,ukraine
stalniy,ukraine
ramonornela,Undefined
ramonornela,Undefined
ramonornela,Undefined
manucorporat,spain
ramonornela,Undefined
dennybiasiolli,Undefined
brandyscarney,united states
brandyscarney,united states
dennybiasiolli,Undefined
Manduro,Undefined
AbraaoAlves,Undefined
amuramoto,united states
patrickmcd,blank field
sreckosmodis,slovenia
sreckosmodis,slovenia
estyles,netherlands
ramonornela,Undefined
jgw96,united states
manucorporat,spain
jackfengji,china
patrickmcd,blank field
brandyscarney,united states
stalniy,ukraine
pivalig,moldova
Manduro,Undefined
Shiprayogeshwar,blank field
calummoore,blank field
manucorporat,spain
mattcarp,blank field
manucorporat,spain
ramonornela,Undefined
ZiFFeL1992,blank field
manucorporat,spain
manucorporat,spain
morrisonbrett,united states
mlynch,united states
manucorporat,spain
Manduro,Undefined
manucorporat,spain
mhartington,united states
seiyria,united states
ramonornela,Undefined
ramonornela,Undefined
hadrien-toma,france
stochris,romania
vizeke,brazil
ramonornela,Undefined
manucorporat,spain
dioxmio,blank field
danielabbatt,blank field
ramonornela,Undefined
fathyb,Undefined
manucorporat,spain
alan-agius4,malta
jthoms1,united states
ColinFrick,liechtenstein
joturako,vietnam
ramonornela,Undefined
ramonornela,Undefined
ramonornela,Undefined
ramonornela,Undefined
Katur7,blank field
Manduro,Undefined
pikotea,japan
manucorporat,spain
manucorporat,spain
alan-agius4,malta
alan-agius4,malta
SharkyLV,united kingdom
tobika,france
manucorporat,spain
mhartington,united states
ramonornela,Undefined
joshgarwood,united states
ckaeslin,blank field
pfrendo,malta
alan-agius4,malta
thielCole,philippines
yannbf,netherlands
mikehamil10,united states
perdjurner,Undefined
perdjurner,Undefined
patrickmcd,blank field
manucorporat,spain
vanackere,france
patrickmcd,blank field
danbucholtz,united states
alan-agius4,malta
Ritzlgrmft,germany
rastographics,united states
danbucholtz,united states
manucorporat,spain
5im0n,france
sssemil,germany
tycho01,Undefined
manucorporat,spain
ramonornela,Undefined
ramonornela,Undefined
amuramoto,united states
amuramoto,united states
ramonornela,Undefined
ramonornela,Undefined
ramonornela,Undefined
ramonornela,Undefined
Logan2014,ukraine
bastibense,germany
ramonornela,Undefined
John-Luke,brazil
ramonornela,Undefined
ramonornela,Undefined
manucorporat,spain
zmbc,united states
jgw96,united states
mattbryan9,blank field
saniyusuf,Undefined
rajington,blank field
jgw96,united states
mattbryan9,blank field
mattbryan9,blank field
anrip,blank field
manucorporat,spain
mattbryan9,blank field
Manduro,Undefined
silvermanj7,blank field
jgw96,united states
manucorporat,spain
FaKeller,germany
alan-agius4,malta
jgw96,united states
jgw96,united states
etsuo,united states
gianpaj,ukraine
quide,blank field
jhlee8804,korea
keithdmoore,united states
DomiR,blank field
kevce392,blank field
jamesgroat,blank field
kevstessens,blank field
ogoguel,france
lubomirhadziev,bulgaria
ogoguel,france
alan-agius4,malta
gianpaj,ukraine
ghybs,blank field
jgw96,united states
zhakhalov,blank field
sergiolealdev,ireland
Purus,india
thedaviddias,canada
ramonornela,Undefined
Bouzmine,canada
softhorizons,blank field
manucorporat,spain
danbucholtz,united states
mhartington,united states
amuramoto,united states
amuramoto,united states
brookemarshassoc,blank field
mhartington,united states
tlaverdure,united states
ihadeed,canada
leetheguy,mexico
jgw96,united states
jgw96,united states
ramonornela,Undefined
ramonornela,Undefined
alan-agius4,malta
alan-agius4,malta
alan-agius4,malta
alan-agius4,malta
alan-agius4,malta
alan-agius4,malta
stonelasley,united states
dafyk,blank field
jadsalhani,lebanon
jadsalhani,lebanon
hadrien-toma,france
jgw96,united states
webprofusion-chrisc,australia
mhartington,united states
danbucholtz,united states
NoNameProvided,hungary
jgw96,united states
Purus,india
epetre,blank field
artfuldodger,united states
danbucholtz,united states
jgw96,united states
efidiles,united kingdom
mohi-ir,iran
genesy,blank field
jgw96,united states
dudeofawesome,united states
jgw96,united states
danbucholtz,united states
danbucholtz,united states
brightpixels,blank field
michaelgeorgeattard,malta
mhartington,united states
btroncone,united states
ssigwart,blank field
hotforfeature,united states
ciekawy,blank field
m5rk,blank field
jgw96,united states
ramonornela,Undefined
dazziola,ireland
punknroll,Undefined
manucorporat,spain
jarrodkoch,blank field
manucorporat,spain
manucorporat,spain
hotforfeature,united states
herjon,blank field
dennybiasiolli,Undefined
ihadeed,canada
xr0master,blank field
bwalker72956,blank field
bwalker72956,blank field
zakton5,united states
lennykean,blank field
manucorporat,spain
dgaleazzo,Undefined
Frozenball,finland
manucorporat,spain
manucorporat,spain
dennybiasiolli,Undefined
dennybiasiolli,Undefined
dennybiasiolli,Undefined
emgeebee,united kingdom
dennybiasiolli,Undefined
ihadeed,canada
jgw96,united states
soyzamudio,united states
Luttik,blank field
EngMoathOmar,blank field
jgw96,united states
jgw96,united states
manucorporat,spain
arvindch,Undefined
manucorporat,spain
manucorporat,spain
manucorporat,spain
mhartington,united states
manucorporat,spain
romulostorel,blank field
dioxmio,blank field
manucorporat,spain
eddhannay,united kingdom
manucorporat,spain
manucorporat,spain
eddhannay,united kingdom
eddhannay,united kingdom
manucorporat,spain
brightpixels,blank field
voliva,blank field
manucorporat,spain
manucorporat,spain
manucorporat,spain
seronal,united states
Redtear,Undefined
manucorporat,spain
mbcooper,united states
manucorporat,spain
grmmph,Undefined
arvindch,Undefined
manucorporat,spain
dioxmio,blank field
rodriguesgm,blank field
manucorporat,spain
manucorporat,spain
manucorporat,spain
VinceOPS,france
manucorporat,spain
yustein,blank field
danbucholtz,united states
jgw96,united states
flavordaaave,germany
wli,blank field
danbucholtz,united states
motet-a,france
matiastucci,Undefined
Inoverse,germany
manucorporat,spain
danbucholtz,united states
danbucholtz,united states
manucorporat,spain
manucorporat,spain
manucorporat,spain
jgw96,united states
danbucholtz,united states
danbucholtz,united states
jim-peach3s,blank field
jthoms1,united states
danbucholtz,united states
danbucholtz,united states
danbucholtz,united states
manucorporat,spain
danbucholtz,united states
ZiFFeL1992,blank field
wli,blank field
danbucholtz,united states
chrisgriffith,united states
Merott,united kingdom
djangojack,blank field
fareesh,india
danbucholtz,united states
danbucholtz,united states
mhartington,united states
iignatov,bulgaria
pfrendo,malta
manucorporat,spain
fchabanois,france
manucorporat,spain
manucorporat,spain
manucorporat,spain
aggarwalankush,philippines
danbucholtz,united states
danbucholtz,united states
danbucholtz,united states
danbucholtz,united states
zakton5,united states
remithomas,canada
matheo,colombia
dwieeb,blank field
martinezq,blank field
zakton5,united states
keithdmoore,united states
prasook-jain,india
bicharat,blank field
rapropos,Undefined
chrisgriffith,united states
dusbuss,united states
soyzamudio,united states
escaroda,russia
danbucholtz,united states
thyagocl,brazil
manucorporat,spain
jgw96,united states
andischerer,germany
LostPlayer99,portugal
JobEngel,Undefined
teleaziz,united states
danbucholtz,united states
lricoy,spain
eakkew,thailand
danbucholtz,united states
danbucholtz,united states
danbucholtz,united states
leoruhland,brazil
louisgv,blank field
Barryrowe,united states
tpape,Undefined
tomaszkepa,Undefined
vitaliy-bobrov,poland
vitaliy-bobrov,poland
vitaliy-bobrov,poland
jadsalhani,lebanon
NoCool14,blank field
Pekes317,blank field
nbs,blank field
caestrada,blank field
iignatov,bulgaria
jthoms1,united states
iignatov,bulgaria
iignatov,bulgaria
nanexcool,argentina
jadsalhani,lebanon
jccf091,hong kong
manucorporat,spain
iignatov,bulgaria
biesbjerg,denmark
adius,germany
jgw96,united states
danbucholtz,united states
kkarich,united states
shprink,france
MartinMa,blank field
jthoms1,united states
kkarich,united states
jthoms1,united states
perrygovier,united states
iignatov,bulgaria
rtomchinsky,blank field
iignatov,bulgaria
jccf091,hong kong
tlaverdure,united states
danbucholtz,united states
troyanskiy,switzerland
danbucholtz,united states
sbatezat,blank field
michaelmafort,brazil
troyanskiy,switzerland
venelinod,bulgaria
ttruong21,blank field
EvgeniiVolkov,blank field
appmux,united states
mhartington,united states
andrewmcgivery,blank field
tlancina,Undefined
danbucholtz,united states
danbucholtz,united states
roblouie,united states
manucorporat,spain
bdirito,blank field
gido,switzerland
dusbuss,united states
andrewmcgivery,blank field
Tenvan,blank field
williantenfen,brazil
tlancina,Undefined
mhartington,united states
battmanz,blank field
trongrg,blank field
fretman92,blank field
dmackerman,united states
manucorporat,spain
cjlucani,blank field
abotz,argentina
manucorporat,spain
nikmartin,united states
manucorporat,spain
Viveur,united kingdom
manucorporat,spain
Merott,united kingdom
Merott,united kingdom
DomiR,blank field
RealBrubru,blank field
sclausen,germany
dmackerman,united states
manucorporat,spain
thiphariel,france
NoahYarian,united states
dylanvdmerwe,south africa
manucorporat,spain
tomasbedrich,Undefined
troyanskiy,switzerland
soyzamudio,united states
nesk,Undefined
itaydemri,blank field
tomsun,finland
jgw96,united states
troyanskiy,switzerland
floriansimon1,luxembourg
jgw96,united states
7200rpm,united states
chuz93,blank field
jgw96,united states
DomiR,blank field
iamchairs,blank field
sebastianovide,blank field
yangxin9003,blank field
flpwgr,germany
ciekawy,blank field
canac,united states
menthena,united kingdom
ghost,Undefined
menthena,united kingdom
danicomas,spain
rapropos,Undefined
awebdeveloper,blank field
teleaziz,united states
NathanWalker,united states
lmagnin,blank field
lmagnin,blank field
tlancina,Undefined
eriktufvesson,Undefined
pakaerf,united states
matheusrocha89,brazil
nikhildev,finland
schlaus,finland
soyzamudio,united states
blackjid,chile
manucorporat,spain
manucorporat,spain
manucorporat,spain
edanweis,australia
VinceOPS,france
VinceOPS,france
manucorporat,spain
dotansimha,israel
manucorporat,spain
manucorporat,spain
jgw96,united states
imatefx,blank field
3dd13,hong kong
jgw96,united states
rkistner,Undefined
manucorporat,spain
manucorporat,spain
marcusasplund,sweden
manucorporat,spain
manucorporat,spain
manucorporat,spain
bookcasey,blank field
vishalkakadiya,india
rogerin,brazil
manucorporat,spain
alextrs,australia
Doehl,Undefined
beauby,france
dkro,germany
vchangal,blank field
shaoner,france
albornozrodrigo,brazil
3dd13,hong kong
qqsean,blank field
jlcarvalho,Undefined
manucorporat,spain
3dd13,hong kong
pra85,Undefined
3dd13,hong kong
3dd13,hong kong
carlosbaraza,united kingdom
perdjurner,Undefined
manucorporat,spain
manucorporat,spain
3dd13,hong kong
dorontal,united states
mallowigi,israel
VinceOPS,france
3dd13,hong kong
3dd13,hong kong
5im0n,france
denyo,germany
42shadow42,blank field
gfauchart,united kingdom
rreinold,united states
ceoaliongroo,israel
walkingriver,Undefined
chineseneo,blank field
MartinMa,blank field
5im0n,france
shprink,france
MartinMa,blank field
emonidi,Undefined
edparsons,blank field
aamarcha,france
leoruhland,brazil
richardsun29,blank field
xiaody,blank field
nikolasleblanc,canada
mcouzinet,france
mcouzinet,france
Frozenball,finland
guohuadeng,blank field
john-banks,blank field
Brooooooklyn,china
NorthMcCormick,Undefined
carlosbaraza,united kingdom
FLHerne,Undefined
acinader,united states
andreialecu,blank field
gregallensworth,united states
iamchairs,blank field
PhilSwanson,canada
mlynch,united states
gregallensworth,united states
Elyahou,blank field
shaoner,france
ghost,Undefined
sbatezat,blank field
FLHerne,Undefined
ReadmeCritic,blank field
zanemcca,canada
mattchue,united states
petehouston,blank field
andreialecu,blank field
laidig,blank field
TomMettam,new zealand
amosrivera,panama
shaoner,france
shaoner,france
mleoking,Undefined
thuey,united states
5im0n,france
demoalex,blank field
leobetosouza,brazil
claushellsing,blank field
PhilHannent,Undefined
MarcBT,france
seronal,united states
plan8studios,united states
florentsuc,france
idpaterson,blank field
amosrivera,panama
AlexSwensen,united states
mkolodny,blank field
pdesgarets,france
VinceOPS,france
bramus,Undefined
bramus,Undefined
xzyfer,australia
Niades,russia
souly1,israel
mikeotoole,united kingdom
bramus,Undefined
bramus,Undefined
bramus,Undefined
lazamar,united kingdom
MartinMa,blank field
yalishizhude,Undefined
eenagy,blank field
jeremy-nicholls,new zealand
ptarjan,united states
jtomaszewski,poland
lewisl9029,united states
alexweber,brazil
pawurb,poland
5amfung,blank field
yurtaev,russia
bimohxh,china
zebulgar,blank field
trevorgrayson,united states
caiiiycuk,russia
zarko-tg,norway
mikehamil10,united states
beauby,france
beauby,france
qzapaia,blank field
gaetansenn,blank field
bianchimro,italy
n0b0dy897,blank field
malixsys,blank field
thiagofelix,brazil
bodinaren,sweden
msalcala11,blank field
emonidi,Undefined
alessandrolandim,blank field
astagi,blank field
DrMabuse23,Undefined
takayuky,Undefined
jubranodesign,blank field
scripterkaran,india
zittix,switzerland
jhbsk,blank field
RolfDeVries,blank field
danieka,blank field
Sionarch,sweden
alexluke,Undefined
sloops77,Undefined
justinwp,united states
KrIsHnA-Revoked,blank field
michalsnik,poland
thaiat,israel
thaiat,israel
thaiat,israel
thaiat,israel
pbakondy,hungary
ashinw,blank field
frederickjansen,blank field
michielvandergeest,blank field
ronaldozanoni,blank field
jskrzypek,blank field
adamjaffeback,united states
jskrzypek,blank field
ajcrites,united states
trobertsonsf,blank field
wedgybo,united kingdom
svetlyak40wt,russia
astagi,blank field
jonah-katz,united states
maverix,australia
tlancina,Undefined
mhartington,united states
5im0n,france
fmenezes,ireland
xlozinguez,united states
giorgiofellipe,brazil
ClemMakesApps,united states
Shepless,united kingdom
lutowolk,russia
kkirsche,Undefined
EddyF,united kingdom
alvarowolfx,brazil
chaffeqa,united states
vladipus,russia
chaffeqa,united states
bodinaren,sweden
mikejpeters,blank field
mikejpeters,blank field
mkaziz,blank field
tnewbern,blank field
ghost,Undefined
labrute974,australia
NullMDR,china
nantunes,portugal
toddhalfpenny,Undefined
ashconnell,australia
ashconnell,australia
bodinaren,sweden
rpocklin,australia
maftieu,france
rossholdway,blank field
JKnorr91,blank field
perrygovier,united states
drone-ah,blank field
michaeljonathan,blank field
michaeljonathan,blank field
ackerdev,united states
ackerdev,united states
frederickjansen,blank field
zoltan-papp,hungary
abcd-ca,canada
cvrebert,Undefined
gberg1,blank field
jacargentina,argentina
aliok,turkey
FabianAlbrecht,blank field
lsa-shanghai,blank field
urish,israel
donwilson,united states
donnycrash,blank field
sherwyngoh,blank field
chaffeqa,united states
tomchiverton,blank field
zadorocki,blank field
Raigasm,united kingdom
jamierytlewski,Undefined
0xae,blank field
edparsons,blank field
vinnyglennon,ireland
mallowigi,israel
LiveMethod,united states
CristinaSolana,united states
jasonly,philippines
vincent1988,Undefined
CKGrafico,spain
Fulkman,Undefined
shamsher31,india
akoshelev,blank field
mhartington,united states
wedgybo,united kingdom
edparsons,blank field
KNedelec,france
mikejpeters,blank field
gaguirre,argentina
shamsher31,india
edparsons,blank field
whydoidoit,Undefined
shamsher31,india
42shadow42,blank field
sloops77,Undefined
cherez,blank field
mhartington,united states
ajoslin,Undefined
barlindhaug,blank field
alvaromb,Undefined
shprink,france
peterchibunna,nigeria
5im0n,france
Koosmann,Undefined
kevincobain2000,japan
Zorgatone,italy
wesleysmyth,united states
abruzzihraig,australia
abruzzihraig,australia
huttj,united states
jabyrd3,united states
jabyrd3,united states
hzoo,united states
JoeKomputer,blank field
5im0n,france
smadey,Undefined
gaguirre,argentina
ssassi,uruguay
abruzzihraig,australia
Alain-Bearez,Undefined
bassjobsen,Undefined
areve,blank field
TheBosZ,blank field
talon,blank field
Urigo,blank field
steve8708,blank field
steve8708,blank field
oliversalzburg,jamaica
xuqihua,Undefined
ajoslin,Undefined
oliversalzburg,jamaica
evanmrose,united states
sidferreira,brazil
sidferreira,brazil
sidferreira,brazil
tcrammond,united kingdom
tijhaart,blank field
ajoslin,Undefined
jimthedev,united states
rjmunro,united kingdom
jasonly,philippines
elksson,blank field
osahner,Undefined
imduffy15,ireland
abs2g08,Undefined
vladipus,russia
mlynch,united states
Paul-Isache,romania
listrophy,united states
vladipus,russia
mhartington,united states
scmsystm,indonesia
hravnx,Undefined
elksson,blank field
jiahut,Undefined
stianjensen,norway
lukegaluszka,Undefined
pbernasconi,united states
baio,russia
blixt,united states
simaodeveloper,brazil
calummoore,blank field
bassettsj,united states
acashjos,united states
luclanet,Undefined
AbraaoAlves,Undefined
vjrantal,finland
vjrantal,finland
taivo,blank field
mikey0000,Undefined
beckyconning,united kingdom
derek1906,united states
vjanssens,blank field
clawish,blank field
WingGao,blank field
mikejpeters,blank field
stephenplusplus,blank field
Ti-webdev,russia
sidferreira,brazil
masquevil,china
michaelkrog,denmark
kuwabarahiroshi,japan
broberson,blank field
wesleycho,united states
nesk,Undefined
sunshineo,united states
sunshineo,united states
mlynch,united states
worldsoup,united states
fabienvauchelles,france
mike1808,armenia
lokkilok,Undefined
donaldpcook,blank field
kevnk,Undefined
toychicken,Undefined
sloops77,Undefined
donaldpcook,blank field
quilligana,ireland
shprink,france
hento581,blank field
arturokunder,panama
antonshevchenko,Undefined
wesleycho,united states
pauljandrew,mexico
Ti-webdev,russia
rossmartin,united states
tlaverdure,united states
beckyconning,united kingdom
rajatrocks,blank field
oori,israel
oori,israel
jrowny,united states
wedgybo,united kingdom
quilligana,ireland
gregorypratt,united kingdom
taivo,blank field
wedgybo,united kingdom
quilligana,ireland
hzoo,united states
willyboy,new zealand
oori,israel
zz911,blank field
dkarzon,australia
wedgybo,united kingdom
johnman,blank field
e-oz,Undefined
louislarry,indonesia
em0ney,australia
tomkr,Undefined
alextrs,australia
MyBoon,united states
barlindhaug,blank field
mirko77,united kingdom
wesleycho,united states
wesleycho,united states
gnomeontherun,united states
mlynch,united states
AleksMeshkov,blank field
wesleycho,united states
runetvilum,denmark
wesleycho,united states
ankri,blank field
sabrinaluo,hong kong
wesleycho,united states
bitjson,united states
zhongsp,china
mathiasmuller4sh,blank field
lukechilds,thailand
lollipierre,blank field
JoeKomputer,blank field
jayproulx,canada
richguan,blank field
chaffeqa,united states
ajoslin,Undefined
wedgybo,united kingdom
martinstolz-ch,Undefined
SpenceDiNicolantonio,germany
BiosSun,china
moroshko,united states
moroshko,united states
moroshko,united states
steppefox,germany
gnomeontherun,united states
yalamber,nepal
jimthedev,united states
timothynott,united states
colllin,united states
chaffeqa,united states
chaffeqa,united states
danhowitt,argentina
cedriclombardot,france
sidferreira,brazil
wedgybo,united kingdom
sidferreira,brazil
cfjedimaster,Undefined
kfkawalec,blank field
ruioliveiras,Undefined
spautz,Undefined
xaka,blank field
iwantwin,blank field
wroscoe,united states
blixt,united states
thoughtpalette,united states
olso,blank field
novas1r1,germany
cedriclombardot,france
emertechie,Undefined
mlynch,united states
mlynch,united states
mlynch,united states
PeachScript,china
dhcar,united states
bianchimro,italy
spautz,Undefined
Edifear,Undefined
jbasinger,blank field
jimthedev,united states
yohav,blank field
caseyg1204,united states
antonshevchenko,Undefined
adrichman,united states
danilo-valente,brazil
mrthehud,Undefined
sebakerckhof,belgium
ptgamr,vietnam
ghost,Undefined
docmerlin,united states
frissonlabs,united states
keithdmoore,united states
jibidus,france
jibidus,france
jedi4ever,belgium
jfigueruela,Undefined
darkbaby123,blank field
calendee,Undefined
moroshko,united states
stianleroux,south africa
stianleroux,south africa
gnomeontherun,united states
jimthedev,united states
jvanaert,Undefined
domiSchenk,switzerland
rotorgames,Undefined
rotorgames,Undefined
flakyfilibuster,blank field
alakra,united states
dominikschreiber,Undefined
Edifear,Undefined
rysi3k,blank field
irregulardaemon,blank field
townside,blank field
FabianSperrle,Undefined
kai23,france
voliva,blank field
joshdholtz,united states
ghost,Undefined
perrygovier,united states
arturokunder,panama
ohh2ahh,blank field
tlancina,Undefined
hydrogennz,new zealand
ajoslin,Undefined
alexpods,russia
bluehallu,united kingdom
cormaclong,australia
MGMsystems,belgium
fredicious,germany
joilsonmarques,brazil
rotorgames,Undefined
AllenSH12,blank field
ryngonzalez,united states
tyschroed,united states
calendee,Undefined
calendee,Undefined
roychoo,blank field
mrwade,united states
mlynch,united states
mlynch,united states
mlynch,united states
ericwooley,united states
cihank,turkey
ItsLeeOwen,Undefined
ghost,Undefined
moroshko,united states
mlynch,united states
tkh44,united states
cgarnier,blank field
malixsys,blank field
prescottprue,Undefined
flakyfilibuster,blank field
somethingnew2-0,united states
mrzmyr,blank field
malixsys,blank field
ghost,Undefined
ghost,Undefined
xaka,blank field
felquis,brazil
jgoux,france
ajoslin,Undefined
mikker,Undefined
khashayar,germany
xaka,blank field
pennersr,Undefined
borNfreee,belarus
gomflo,mexico
mhartington,united states
ItsLeeOwen,Undefined
SanderHeling,Undefined
andredublin,united states
asgeo1,australia
calendee,Undefined
mlynch,united states
calendee,Undefined
jayproulx,canada
waffle-iron,united states
ioanis,blank field
bursquare,blank field
hemantgogia09,india
gouegd,new zealand
jayproulx,canada
calendee,Undefined
sebmartel,united states
nickl-,south africa
ajoslin,Undefined
malixsys,blank field
jualvarez,blank field
coomsie,new zealand
ssassi,uruguay
graemefoster,blank field
graemefoster,blank field
graemefoster,blank field
ajoslin,Undefined
rvanbaalen,cura袯
rvanbaalen,cura袯
rvanbaalen,cura袯
graemefoster,blank field
morenoh149,united states
kfuchs,united states
adamdbradley,united states
morenoh149,united states
adamdbradley,united states
rvanbaalen,cura袯
mgamer,blank field
mturkson23,Undefined
HonzaMikula,czechia
oori,israel
ch000,germany
ajoslin,Undefined
ajoslin,Undefined
markwtaylor,united states
VladimirPal,russia
ghost,Undefined
mhartington,united states
rvanbaalen,cura袯
SebastianLopienski,blank field
deflomu,germany
sahat,blank field
mlynch,united states
Ehesp,Undefined
sebmartel,united states
sebmartel,united states
lauterry,france
ashconnell,australia
nikolaswise,Undefined
deflomu,germany
ashconnell,australia
oori,israel
keithdmoore,united states
keithdmoore,united states
keithdmoore,united states
VladimirPal,russia
mlynch,united states
cedricbellet,blank field
mlynch,united states
winkerVSbecks,canada
Ehesp,Undefined
ZachMoreno,united states
ZachMoreno,united states
ZachMoreno,united states
ZachMoreno,united states
jayproulx,canada
bostondv,canada
gdi2290,united states
gdi2290,united states
gdi2290,united states
gdi2290,united states
bostondv,canada
jayproulx,canada
mlynch,united states
somethingnew2-0,united states
tomkuk,poland
ajoslin,Undefined
ewang,blank field
deflomu,germany
ewang,blank field
ajoslin,Undefined
mlynch,united states
georgicodes,united states
georgicodes,united states
mlynch,united states
miklernout,canada
mlynch,united states
deflomu,germany
ajoslin,Undefined
deflomu,germany
RiZKiT,germany
ajoslin,Undefined
ajoslin,Undefined
ajoslin,Undefined
ajoslin,Undefined
herschel666,germany
elesdoar,colombia
ajoslin,Undefined
ajoslin,Undefined
elesdoar,colombia
ajoslin,Undefined
uniring,spain
uniring,spain
ajoslin,Undefined
ajoslin,Undefined
ajoslin,Undefined
mhartington,united states
maitai,blank field
ajoslin,Undefined
jperelli,argentina
uniring,spain
uniring,spain
ajoslin,Undefined
vladgurovich,united states
danielfeelfine,brazil
uniring,spain
uniring,spain
uniring,spain
mlynch,united states
RangerRick,blank field
aderholdst,blank field
herschel666,germany
spitimage,united states
fomkin,russia
smdvdsn,blank field
jriggins,blank field
roine,france
sicsol,canada
matiboy,blank field
matiboy,blank field
malixsys,blank field
calendee,Undefined
calendee,Undefined
calendee,Undefined
matiboy,blank field
malixsys,blank field
sicsol,canada
malixsys,blank field
mrmusa,united states
matiboy,blank field
cmackay,united states
mlynch,united states
matiboy,blank field
mlynch,united states
calendee,Undefined
matiboy,blank field
xAlien95,italy
calendee,Undefined
calendee,Undefined
matiboy,blank field
hollingberry,united kingdom
wedgybo,united kingdom
mlynch,united states
hollingberry,united kingdom
cxyokk,china
dbaq,united states
lwu,Undefined
PascalPrecht,netherlands
PascalPrecht,netherlands
lwu,Undefined
hollingberry,united kingdom
travisrussi,united states
nurazem,blank field
mathieudutour,Undefined
mathieudutour,Undefined
sramam,blank field
xcambar,germany
lwu,Undefined
dbaq,united states
diegonetto,united states
travisrussi,united states
hollingberry,united kingdom
sheldonbaker,canada
sorich87,blank field
sorich87,blank field
sorich87,blank field
sorich87,blank field
sorich87,blank field
sorich87,blank field
sorich87,blank field
