cxxcunow,blank field
JFLABO,Undefined
asya999,united states
gmishkin,blank field
rongodb,blank field
grembo,blank field
luwei1990,blank field
seeplusplus,blank field
stewart-daniel,blank field
PrashanthCorp,united states
Dandanlin0702,united states
Dandanlin0702,united states
KevinCybura,united states
ajdavis,united states
xdg,united states
KevinCybura,united states
Dandanlin0702,united states
Dandanlin0702,united states
KevinCybura,united states
KevinCybura,united states
stewart-daniel,blank field
cramaechi,united states
Dandanlin0702,united states
Dandanlin0702,united states
kakts,japan
juanpaulo,japan
KevinCybura,united states
dtbartle,united states
KevinCybura,united states
deafgoat,united states
jinxufei,china
kakts,japan
cramaechi,united states
cramaechi,united states
cramaechi,united states
cramaechi,united states
cramaechi,united states
JunHe77,blank field
cramaechi,united states
RichieMay,blank field
cramaechi,united states
kakts,japan
cramaechi,united states
sindbach,australia
apocarteres,russia
apocarteres,russia
kevinAlbs,new zealand
ebcagadas,philippines
JonTargaryenStark,blank field
fionaRowan,blank field
mzraly,blank field
sindbach,australia
abrindeyev,Undefined
abrindeyev,Undefined
i80and,united states
jimpallomeni,united states
adityavs,blank field
ksuarz,united states
i80and,united states
gy1005,blank field
jelly,Undefined
kevinAlbs,new zealand
puppyofkosh,blank field
i80and,united states
a-h,united kingdom
ryankall,blank field
bdbaddog,Undefined
greenius,blank field
greenius,blank field
greenius,blank field
greenius,blank field
nvachhar,united states
vkorehov,blank field
saracmert,turkey
tupans,Undefined
sindbach,australia
ajdavis,united states
derickr,united kingdom
bdbaddog,Undefined
asya999,united states
derickr,united kingdom
bjori,united states
brucehappy,united states
sam-pf,blank field
bjori,united states
solodon4,united states
bjori,united states
braz,ireland
zoonman,Undefined
ryankall,blank field
ryankall,blank field
ryankall,blank field
gormanb,ireland
wolfkdy,china
villesau,finland
gormanb,ireland
tattish,germany
omron93,blank field
laudrup,denmark
kolisergej,Undefined
voronytskyi,blank field
kolisergej,Undefined
kolisergej,Undefined
guiguan,australia
kolisergej,Undefined
ghost,Undefined
hujinnvshi,china
thebetterjort,blank field
ucdmkt,blank field
ZharkovIlia,blank field
smartmasks,blank field
cbrady1,blank field
nakulpathak3,united states
jarod,china
benjaminmurphy,united states
amcgregor,canada
dorothychen,blank field
pdinc-oss,blank field
miracleCF,blank field
bjori,united states
yjhjstz,china
shortdudey123,Undefined
yjhjstz,china
nathantypanski,Undefined
drags,Undefined
asya999,united states
Shekeen,blank field
zydcom,china
ebroder,united states
benjaminmurphy,united states
voronytskyi,blank field
voronytskyi,blank field
kevinAlbs,new zealand
purpleladydragons,blank field
zakhark,united states
zakhark,united states
zakhark,united states
ajdavis,united states
benmccann,united states
avindra,Undefined
Huntario,united states
joannac-,australia
iszRoyHunag,blank field
nleite,united states
danunafig,blank field
lstwzd,china
benjaminmurphy,united states
SunguckLee,blank field
SunguckLee,blank field
mwhudson,new zealand
mbasij1,blank field
fjx2000,blank field
dgottlieb,united states
todvora,austria
ryoqun,blank field
zydcom,china
zydcom,china
zydcom,china
jigfox,germany
TBoonX,germany
megawac,united states
gef756,united states
vladimirgamalyan,blank field
benjaminmurphy,united states
jing-zhou,blank field
Soullivaneuh,france
Soullivaneuh,france
Soullivaneuh,france
vkuznet,united states
vkuznet,united states
leo,germany
bartlaarhoven,blank field
brauliobo,brazil
liranms,blank field
bjori,united states
yangshangde,blank field
buhiirekeneth,uganda
npanpaliya,blank field
ReadmeCritic,blank field
kumasento,united kingdom
ksuarz,united states
i80and,united states
ssxenon01,mongolia
salessandri,united states
pkoro,blank field
ksuarz,united states
ksuarz,united states
judahschvimer,united states
zhoushengjun,blank field
judahschvimer,united states
spk,blank field
judahschvimer,united states
anuphalarnkar,india
ksuarz,united states
meghangill,united states
meghangill,united states
markjreed,blank field
judahschvimer,united states
EshaMaharishi,blank field
EshaMaharishi,blank field
shrayolacrayon,blank field
yhjw88,blank field
yhjw88,blank field
yhjw88,blank field
yhjw88,blank field
EshaMaharishi,blank field
yhjw88,blank field
yhjw88,blank field
EshaMaharishi,blank field
yhjw88,blank field
yhjw88,blank field
yhjw88,blank field
thecalvinchan,united states
thecalvinchan,united states
margaretstephenson,blank field
thecalvinchan,united states
margaretstephenson,blank field
ankitm111,blank field
bjori,united states
i80and,united states
christkv,spain
j-delaney,united states
j-delaney,united states
j-delaney,united states
dhatch,united states
j-delaney,united states
j-delaney,united states
adamchel,united states
j-delaney,united states
dutchakdev,Undefined
j-delaney,united states
blowhacker,united kingdom
devkev,australia
lissom,united states
upendrag,united states
j-delaney,united states
kangic,Undefined
bwzhang,blank field
coollog,united states
coollog,united states
upendrag,united states
coollog,united states
coollog,united states
coollog,united states
kevinAlbs,new zealand
coollog,united states
jefflee1990710,blank field
kevinAlbs,new zealand
coollog,united states
kevinAlbs,new zealand
mpobrien,united states
coollog,united states
jefflee1990710,blank field
coollog,united states
coollog,united states
amidvidy,united states
devkev,australia
mpobrien,united states
devkev,australia
devkev,australia
gianpaj,ukraine
mpobrien,united states
mpobrien,united states
mpobrien,united states
daveh86,australia
mpobrien,united states
netflash,united states
cesarizu,ecuador
dannyfallon,united kingdom
ParadoxMeltdown,canada
lalford,blank field
adkomyagin,united states
ghost,Undefined
adkomyagin,united states
guoyr,united states
guoyr,united states
mpobrien,united states
shiyongchang,blank field
dandv,Undefined
ghost,Undefined
kivistein,blank field
ghost,Undefined
gevorgvoskanyan,armenia
raffopazzo,blank field
ghost,Undefined
jameswahlin,united states
jameswahlin,united states
mapx,blank field
jameswahlin,united states
randomite,united states
ghost,Undefined
agherardi,blank field
omron93,blank field
sanran4u,india
jameswahlin,united states
fdoray,canada
krishnanm86,germany
krishnanm86,germany
hptabster,blank field
agherardi,blank field
agherardi,blank field
rueckstiess,australia
mpobrien,united states
jameswahlin,united states
xbsura,blank field
hptabster,blank field
tgrall,france
alabid,new zealand
HuJingwei,blank field
jrbalsano,united states
alabid,new zealand
mpobrien,united states
gevorgvoskanyan,armenia
jrbalsano,united states
alabid,new zealand
jrbalsano,united states
alabid,new zealand
alabid,new zealand
alabid,new zealand
alabid,new zealand
jrbalsano,united states
pracj3am,Undefined
alabid,new zealand
daveh86,australia
alabid,new zealand
cammellos,blank field
akira-kurogane,japan
amaliujia,blank field
akira-kurogane,japan
jtyr,united kingdom
agherardi,blank field
alabid,new zealand
y-g-g-g,united states
amidvidy,united states
gabrielrussell,blank field
changyy,taiwan
changyy,taiwan
hptabster,blank field
spawlows,blank field
aricy,blank field
3rf,united states
amidvidy,united states
alabid,new zealand
cswanson310,blank field
mpobrien,united states
cswanson310,blank field
shelman,blank field
shelman,blank field
asya999,united states
shelman,blank field
dalyd,blank field
daveh86,australia
guoyr,united states
daveh86,australia
behackett,united states
joprice,blank field
mpobrien,united states
cswanson310,blank field
amidvidy,united states
amidvidy,united states
amidvidy,united states
ajdavis,united states
amidvidy,united states
ajdavis,united states
amidvidy,united states
ajdavis,united states
amidvidy,united states
llvtt,united states
ajdavis,united states
esmet,united states
ajdavis,united states
kangas,Undefined
esmet,united states
stephenwlin,united states
daveh86,australia
daveh86,australia
ajdavis,united states
ajdavis,united states
cswanson310,blank field
hptabster,blank field
TheCrockett,blank field
TheCrockett,blank field
cswanson310,blank field
mpobrien,united states
caosiyang,china
igorcanadi,united states
esmet,united states
esmet,united states
jmikola,united states
ajdavis,united states
esmet,united states
daveh86,australia
daveh86,australia
jeorfevre,Undefined
mpobrien,united states
esmet,united states
esmet,united states
esmet,united states
daveh86,australia
3rf,united states
alvinr,united states
shelman,blank field
visemet,blank field
dpercy,blank field
visemet,blank field
visemet,blank field
visemet,blank field
hptabster,blank field
visemet,blank field
alvinr,united states
visemet,blank field
visemet,blank field
visemet,blank field
visemet,blank field
hptabster,blank field
hptabster,blank field
mpobrien,united states
visemet,blank field
shelman,blank field
shelman,blank field
visemet,blank field
mpobrien,united states
aksaharan,blank field
dpercy,blank field
erlichson,united states
justincase,netherlands
deafgoat,united states
mpobrien,united states
mpobrien,united states
Michael-karn-ivanov,estonia
daveh86,australia
mwhudson,new zealand
amidvidy,united states
amidvidy,united states
amidvidy,united states
dpercy,blank field
visemet,blank field
jfigueroagama,mexico
jfigueroagama,mexico
alvinr,united states
amidvidy,united states
Michael-karn-ivanov,estonia
89berner,blank field
dpercy,blank field
Michael-karn-ivanov,estonia
Rockyit,blank field
dpercy,blank field
vkarpov15,united states
igorcanadi,united states
Michael-karn-ivanov,estonia
siying,blank field
bjori,united states
bjori,united states
agorrod,australia
siying,blank field
corentinbaron,blank field
ghost,Undefined
siying,blank field
corentinbaron,blank field
Bloodevil,Undefined
michaelcahill,australia
michaelcahill,australia
jbreams,united states
siying,blank field
siying,blank field
tonygambone,Undefined
siying,blank field
amidvidy,united states
enanox,uruguay
amidvidy,united states
amidvidy,united states
szaydel,Undefined
ghost,Undefined
Mickael-van-der-Beek,belgium
amidvidy,united states
alexkleiman,blank field
alexkleiman,blank field
spencerjackson,blank field
jbreams,united states
amidvidy,united states
daveh86,australia
tsantero,united states
alexkleiman,blank field
spencerjackson,blank field
mikemaccana,united kingdom
daveh86,australia
melissaosullivan,blank field
ghost,Undefined
amidvidy,united states
corentinbaron,blank field
melissaosullivan,blank field
dcci,blank field
jbreams,united states
hptabster,blank field
aksaharan,blank field
jedestep,blank field
AntonioJuliano,united states
alexkleiman,blank field
aksaharan,blank field
jimoleary,ireland
c0nrad,united states
mwmahlberg,germany
alexkleiman,blank field
hptabster,blank field
amidvidy,united states
spencerjackson,blank field
ghost,Undefined
Bloodevil,Undefined
justincase,netherlands
nitinbhatt,peru
hptabster,blank field
spencerjackson,blank field
melissaosullivan,blank field
ramonfm,blank field
kgorman,united states
comerford,ireland
rueckstiess,australia
javacruft,blank field
klkvsk,blank field
javacruft,blank field
AndrewCEmil,blank field
AndrewCEmil,blank field
AndrewCEmil,blank field
EshaMaharishi,blank field
AndrewCEmil,blank field
hptabster,blank field
scharissis,blank field
hptabster,blank field
x2048,blank field
depressed-pho,japan
hptabster,blank field
EshaMaharishi,blank field
EshaMaharishi,blank field
mwhittaker,united states
henryzhangsta,Undefined
itay,united states
dbmurphy,ireland
daveh86,australia
daveh86,australia
daveh86,australia
daveh86,australia
daveh86,australia
daveh86,australia
ultrabug,france
epirus,blank field
dcci,blank field
dcci,blank field
daveh86,australia
daveh86,australia
aksaharan,blank field
daveh86,australia
jameswahlin,united states
mwhudson,new zealand
myidisnow,blank field
zemoxian,blank field
vkarpov15,united states
kedazo,hungary
wilkinson,united states
santoshbanda,united states
ghost,Undefined
santoshbanda,united states
santoshbanda,united states
ghost,Undefined
ghost,Undefined
qconner,united states
deafgoat,united states
deafgoat,united states
wilkinson,united states
lissom,united states
gianpaj,ukraine
mpobrien,united states
corentinbaron,blank field
tychoish,united states
samantharitter,blank field
asya999,united states
visualzhou,united states
samantharitter,blank field
visualzhou,united states
jamesblackburn,united kingdom
tychoish,united states
samantharitter,blank field
TylerBrock,united states
vkarpov15,united states
visualzhou,united states
visualzhou,united states
ajdavis,united states
sl33nyc,blank field
NikolausDemmel,blank field
ccstolley,united states
samantharitter,blank field
visualzhou,united states
arthurdarcet,france
asya999,united states
visualzhou,united states
exi,germany
jameswahlin,united states
ajdavis,united states
visualzhou,united states
tychoish,united states
rohitkn,blank field
jsbattig,united states
lissom,united states
jsbattig,united states
GitSullied,united states
3rf,united states
jsbattig,united states
jsbattig,united states
ghost,Undefined
zhihuiFan,china
lufeng1102,china
mwhudson,new zealand
mwhudson,new zealand
mwhudson,new zealand
ghost,Undefined
comerford,ireland
akira-kurogane,japan
dstorch,united states
dstorch,united states
dstorch,united states
dstorch,united states
dstorch,united states
dstorch,united states
javacruft,blank field
dstorch,united states
christkv,spain
dstorch,united states
dstorch,united states
lissom,united states
dstorch,united states
dstorch,united states
ranjaykrishna,blank field
akira-kurogane,japan
vkarpov15,united states
mwhudson,new zealand
dstorch,united states
FrancescaK,united states
rps,united states
kgorman,united states
hawka,united states
hawka,united states
hawka,united states
hawka,united states
basak,blank field
hawka,united states
rps,united states
dstorch,united states
3rf,united states
hawka,united states
dstorch,united states
3rf,united states
dstorch,united states
dstorch,united states
dbmurphy,ireland
christkv,spain
jaredlwong,new zealand
yorkie,blank field
dstorch,united states
Krolcom,blank field
dstorch,united states
dstorch,united states
deafgoat,united states
dstorch,united states
dstorch,united states
dstorch,united states
FrancescaK,united states
TylerBrock,united states
TylerBrock,united states
dstorch,united states
TylerBrock,united states
TylerBrock,united states
vkarpov15,united states
aksaharan,blank field
dstorch,united states
hawka,united states
dstorch,united states
rps,united states
TylerBrock,united states
dstorch,united states
deafgoat,united states
tychoish,united states
dstorch,united states
rajatchopra,united states
hawka,united states
shelman,blank field
hawka,united states
TylerBrock,united states
dstorch,united states
shunwen,taiwan
ajdavis,united states
ajdavis,united states
ajdavis,united states
3rf,united states
hawka,united states
visualzhou,united states
dstorch,united states
visualzhou,united states
nevermindewe,blank field
dstorch,united states
dstorch,united states
ajdavis,united states
duanguoxue,blank field
claytonhoefer,united states
dstorch,united states
fgm,france
ukd1,united states
jameswahlin,united states
alonho,Undefined
ajdavis,united states
jpiche,united states
x,united states
dstorch,united states
dstorch,united states
zuckschwerdt,blank field
dstorch,united states
behackett,united states
dstorch,united states
3rf,united states
3rf,united states
mgrundy,blank field
geoghegan,ireland
dstorch,united states
ajdavis,united states
dstorch,united states
idning,united states
3rf,united states
3rf,united states
visualzhou,united states
duanguoxue,blank field
duanguoxue,blank field
duanguoxue,blank field
pilliq,blank field
pilliq,blank field
visualzhou,united states
erlichson,united states
hawka,united states
nosqldb,blank field
3rf,united states
mikehcox,united states
dribba,canada
ajdavis,united states
ajdavis,united states
ajdavis,united states
pilliq,blank field
pilliq,blank field
3rf,united states
3rf,united states
3rf,united states
3rf,united states
astral303,united states
mohyt,india
timn,germany
cxmcc,united states
william-tan,blank field
timn,germany
edaniels,united states
edaniels,united states
edaniels,united states
daveh86,australia
edaniels,united states
edaniels,united states
msven,blank field
i80and,united states
edaniels,united states
edaniels,united states
edaniels,united states
edaniels,united states
edaniels,united states
edaniels,united states
ukd1,united states
spencerjackson,blank field
guilhem,france
nosqldb,blank field
allanbank,blank field
nickstenning,germany
ajdavis,united states
gianpaj,ukraine
daveh86,australia
daveh86,australia
jmikola,united states
bjori,united states
jsheely,united states
idank,united states
allanbank,blank field
spencerjackson,blank field
abhijit-pawar,blank field
Aricg,canada
abhijit-pawar,blank field
Aricg,canada
Aricg,canada
Aricg,canada
Aricg,canada
abhijit-pawar,blank field
aheck,germany
DmitryNaumov,Undefined
svetlyak40wt,russia
rbrito,brazil
abhijit-pawar,blank field
abhijit-pawar,blank field
basak,blank field
abhijit-pawar,blank field
daveh86,australia
abhijit-pawar,blank field
lawcen,blank field
abhijit-pawar,blank field
saifelse,united states
fmela,blank field
johanhedin,sweden
xiezhenye,Undefined
jcalvinowens,united states
vlajos,united kingdom
snebjorn,blank field
syntion,germany
cxmcc,united states
alexism,united states
alexism,united states
base698,united states
bwaldvogel,germany
cxmcc,united states
KonishchevDmitry,russia
KonishchevDmitry,russia
stevebriskin,united states
nubs,united states
ajdavis,united states
rueckstiess,australia
vasmik,united states
TylerBrock,united states
ajdavis,united states
ajdavis,united states
ajdavis,united states
TylerBrock,united states
TylerBrock,united states
thiagooak,germany
bwaldvogel,germany
chergert,united states
andredefrere,australia
AndrewCEmil,blank field
daveh86,australia
AndrewCEmil,blank field
saml,united states
AndrewCEmil,blank field
ignatz,switzerland
sridharn,blank field
sridharn,blank field
allanbank,blank field
rozza,united kingdom
stbenjam,united states
sridharn,blank field
chipitsine,blank field
andredefrere,australia
jameswahlin,united states
craiggwilson,united states
dwight,united states
asya999,united states
ashaffer,blank field
christkv,spain
asya999,united states
barriesegal,united states
barriesegal,united states
christkv,spain
christkv,spain
abdelouahabb,algeria
abdelouahabb,algeria
rozza,united kingdom
marians,germany
jmikola,united states
crumbjp,Undefined
idbentley,blank field
TylerBrock,united states
azat,blank field
azat,blank field
daveh86,australia
stennie,australia
stevebriskin,united states
MathieuTurcotte,united states
alaz,blank field
fvetsper,israel
jameswahlin,united states
miquella,blank field
tmtmtm,blank field
tmtmtm,blank field
tmtmtm,blank field
tmtmtm,blank field
tmtmtm,blank field
kommit,china
Abe149,blank field
gochenzl,blank field
patrikfors,blank field
gochenzl,blank field
nleite,united states
dprokoptsev,blank field
sl33nyc,blank field
azat,blank field
azat,blank field
abhijit-pawar,blank field
utaal,switzerland
utaal,switzerland
daveh86,australia
utaal,switzerland
utaal,switzerland
utaal,switzerland
utaal,switzerland
utaal,switzerland
charsyam,blank field
utaal,switzerland
glasser,united states
danieltahara,blank field
tychoish,united states
derickr,united kingdom
derickr,united kingdom
daveh86,australia
pborreli,morocco
ranman,united states
daveh86,australia
bwaldvogel,germany
daveh86,australia
daveh86,australia
comerford,ireland
RexMorgan,united states
kimuraw,blank field
daveh86,australia
daveh86,australia
daveh86,australia
stennie,australia
dsch,blank field
dsch,blank field
svenstaro,germany
cuppett,united states
silver-,blank field
AndrewCEmil,blank field
dsch,blank field
samuelgmartinez,blank field
azat,blank field
azat,blank field
Kwasniewski,united states
jcesareo,blank field
jcesareo,blank field
jcesareo,blank field
jcesareo,blank field
Kwasniewski,united states
jcesareo,blank field
jamesblackburn,united kingdom
samantharitter,blank field
tychoish,united states
akshaynathan,blank field
samantharitter,blank field
zhemao,united states
crumbjp,Undefined
gjmurakami-10gen,Undefined
aheckmann,philippines
samantharitter,blank field
samantharitter,blank field
RedBeard0531,united states
tychoish,united states
jmikola,united states
kalman5,switzerland
christkv,spain
guilhem,france
kalman5,switzerland
WilliamZola,blank field
hrldcpr,united states
stevebriskin,united states
aheckmann,philippines
comerford,ireland
joshprice,australia
comerford,ireland
tychoish,united states
derickr,united kingdom
jmikola,united states
davidagraf,switzerland
davidagraf,switzerland
e-siedler,blank field
akshaynathan,blank field
azat,blank field
zhemao,united states
zhemao,united states
zhemao,united states
zhemao,united states
zhemao,united states
dannenberg,united states
lbehm,germany
dannenberg,united states
dannenberg,united states
dannenberg,united states
dannenberg,united states
dannenberg,united states
dannenberg,united states
weyrick,united states
dannenberg,united states
ghost,Undefined
ghost,Undefined
ghost,Undefined
dannenberg,united states
azat,blank field
waitman,united states
weyrick,united states
weyrick,united states
ebroder,united states
waitman,united states
zhemao,united states
derickr,united kingdom
azat,blank field
azat,blank field
amcfague,united states
jpfarias,blank field
lcapaldo,united states
amcfague,united states
amcfague,united states
amcfague,united states
amcfague,united states
azat,blank field
afchin,blank field
victorkab,blank field
JakubOboza,Undefined
onyxmaster,russia
azat,blank field
larroy,germany
azat,blank field
azat,blank field
azat,blank field
azat,blank field
janimo,blank field
janimo,blank field
janimo,blank field
tsavola,finland
mengz0,united states
janimo,blank field
chx007,Undefined
janimo,blank field
TylerBrock,united states
osheroff,blank field
larroy,germany
osheroff,blank field
larroy,germany
comerford,ireland
jjuran,blank field
jjuran,blank field
miketheman,united states
tychoish,united states
miketheman,united states
miketheman,united states
rozza,united kingdom
derickr,united kingdom
boivie,sweden
miketheman,united states
miketheman,united states
jsr,blank field
yanfoursquare,blank field
jsr,blank field
nosh,united states
tomassrnka,blank field
npmccallum,blank field
npmccallum,blank field
djcsdy,new zealand
jsr,blank field
spencerjackson,blank field
weyrick,united states
djcsdy,new zealand
tanakh,japan
larubbio,blank field
reflection,blank field
tedb,united states
npmccallum,blank field
npmccallum,blank field
npmccallum,blank field
dibiasio,blank field
charsyam,blank field
evanlong,blank field
charsyam,blank field
charsyam,blank field
charsyam,blank field
wpjunior,Undefined
marcweil,united states
charsyam,blank field
sphing,blank field
r-stu31,blank field
dcodix,blank field
cathoderay,brazil
cathoderay,brazil
larroy,germany
ukd1,united states
guanqun,china
jamespharaoh,blank field
guanqun,china
jhuntwork,united states
jhuntwork,united states
sethml,blank field
ymarkovitch,blank field
Ry4an,united states
hoffrocket,united states
presbrey,Undefined
guanqun,china
guanqun,china
ghost,Undefined
guanqun,china
tadmarshall,united states
guanqun,china
karlseguin,blank field
ukd1,united states
tadmarshall,united states
ymarkovitch,blank field
tadmarshall,united states
tadmarshall,united states
tadmarshall,united states
tadmarshall,united states
tadmarshall,united states
tadmarshall,united states
tadmarshall,united states
tadmarshall,united states
tadmarshall,united states
tadmarshall,united states
tadmarshall,united states
guanqun,china
leejo,switzerland
tadmarshall,united states
guanqun,china
tadmarshall,united states
guanqun,china
karlseguin,blank field
vrtx,united states
vrtx,united states
nosh,united states
tadmarshall,united states
tadmarshall,united states
tadmarshall,united states
tadmarshall,united states
tadmarshall,united states
tadmarshall,united states
tadmarshall,united states
MSchireson,blank field
jmbejar,uruguay
guanqun,china
guanqun,china
reidmorrison,united states
rnrn,russia
guanqun,china
guanqun,china
guanqun,china
guanqun,china
guanqun,china
mbj,blank field
mlazarov,blank field
guanqun,china
guanqun,china
pc,united states
karlseguin,blank field
flaper87,italy
ukd1,united states
ymarkovitch,blank field
nickbruun,Undefined
nhooey,canada
nwin,blank field
boivie,sweden
dannenberg,united states
dannenberg,united states
swapsmagic,blank field
dannenberg,united states
dannenberg,united states
acmorrow,united states
Keruspe,france
dannenberg,united states
Keruspe,france
dannenberg,united states
dannenberg,united states
chtitux,france
dannenberg,united states
dannenberg,united states
dannenberg,united states
dannenberg,united states
dannenberg,united states
dannenberg,united states
dannenberg,united states
dannenberg,united states
dannenberg,united states
dannenberg,united states
dannenberg,united states
dannenberg,united states
tarttelin,united kingdom
spf13,united states
cangove,united states
dannenberg,united states
dannenberg,united states
testn,blank field
lqs,blank field
JensRantil,sweden
mattbillenstein,united states
testn,blank field
cwolfinger,blank field
npt,blank field
testn,blank field
stulentsev,brazil
stulentsev,brazil
stulentsev,brazil
s4y,united states
s4y,united states
avelino,Undefined
npt,blank field
defunctzombie,blank field
defunctzombie,blank field
redmeadowman,united states
MichaelBrenden,blank field
