gr8shivam,india
man007yadav,india
gr8shivam,india
Arnabshrivastav,blank field
Adityaraj-singh,blank field
dikshitpiyush,blank field
lewixlabs,blank field
rawzoo,india
isidorn,switzerland
azim22,blank field
mjbvz,blank field
cleidigh,united states
notZaki,canada
misolori,united states
chrmarti,blank field
misolori,united states
Tyriar,united states
batzen,Undefined
jugmac00,blank field
Aruj-Sharma,india
KargJonas,austria
svbutko,blank field
infinnie,china
cleidigh,united states
reima,blank field
poschi3,germany
kumarharsh,india
sbatten,blank field
Tyriar,united states
moodiest,united kingdom
sakethramanujam,Undefined
Tyriar,united states
misolori,united states
ToothlessGear,austria
davidkwan95,indonesia
bpasero,switzerland
yxuchen,blank field
nestoralonso,blank field
DJMcNab,united kingdom
tharunjose,india
kuldipv3,blank field
bhavya9107,india
cshung,blank field
muammerbenzes,blank field
sark01,blank field
w9jds,united states
mjbvz,blank field
w9jds,united states
sucicf1,blank field
belibebond,blank field
sbatten,blank field
TunedMidja,sweden
MaxGrosshandler,blank field
douglasgabriel,Undefined
isidorn,switzerland
benjamenhogben,blank field
sbatten,blank field
sbatten,blank field
Ismaeel-1,blank field
sbatten,blank field
anjaneya3b,blank field
benjamenhogben,blank field
joaomoreno,switzerland
henriquearthur,brazil
steevsachs,blank field
FrederikBolding,denmark
akshay1337,Undefined
sbatten,blank field
DeeHechEss,blank field
atitoa93,mexico
pranshuchittora,india
PunKeel,blank field
yeahok,australia
uppe-r,portugal
isidorn,switzerland
jebediahAUS,blank field
benhayehudi,united states
ritwickdey,india
nguyentandat008,blank field
RDIL,Undefined
Hengman,australia
ramya-rao-a,united states
sbatten,blank field
dennybiasiolli,Undefined
mjbvz,blank field
dylanparsons,united states
mdogadailo,netherlands
oneslash,germany
isidorn,switzerland
ntpttr,blank field
piyush97,india
susw12,blank field
J-Graham,blank field
agurodriguez,Undefined
alexr00,united states
misolori,united states
jakejdavis,united kingdom
mjbvz,blank field
Tyriar,united states
usernamehw,blank field
ronihcohen,blank field
Tyriar,united states
robflop,germany
colinpeth,blank field
ssebs,united states
MarshallOfSound,australia
NiclasvanEyk,germany
joaomoreno,switzerland
AdamCurtisVT,united states
joaomoreno,switzerland
jrieken,switzerland
thecodingaviator,india
skprabhanjan,Undefined
spahnke,Undefined
bpasero,switzerland
usaatyuk,blank field
colinpeth,blank field
Tyriar,united states
dierksen,ghana
qcz,hungary
qcz,hungary
kirbypeter,blank field
Tyriar,united states
Tyriar,united states
isidorn,switzerland
isidorn,switzerland
sandy081,switzerland
isidorn,switzerland
jrieken,switzerland
jgbright,blank field
kscharlund,blank field
Douzal,blank field
chrmarti,blank field
chrmarti,blank field
isidorn,switzerland
sandy081,switzerland
alexr00,united states
reecouto,blank field
DickvdBrink,blank field
ramya-rao-a,united states
agurodriguez,Undefined
bowdenk7,united states
ramya-rao-a,united states
octref,Undefined
cleidigh,united states
isidorn,switzerland
jrieken,switzerland
manish3241,blank field
headmelted,united kingdom
devjgl,Undefined
jonathanperret,blank field
shizonic,blank field
alexr00,united states
alexr00,united states
RMacfarlane,blank field
ramya-rao-a,united states
sbatten,blank field
isidorn,switzerland
bpasero,switzerland
noamyogev84,blank field
oneslash,germany
ramya-rao-a,united states
ramya-rao-a,united states
alexr00,united states
mjbvz,blank field
bpasero,switzerland
zhangaz1,Undefined
ramya-rao-a,united states
RMacfarlane,blank field
alexr00,united states
sbatten,blank field
misolori,united states
alexr00,united states
cleidigh,united states
sbatten,blank field
guywald1,israel
alexr00,united states
guywald1,israel
bpasero,switzerland
jrieken,switzerland
sbatten,blank field
alexr00,united states
ramya-rao-a,united states
RMacfarlane,blank field
ramya-rao-a,united states
lweichselbaum,blank field
oneslash,germany
bpasero,switzerland
ramya-rao-a,united states
oneslash,germany
ramya-rao-a,united states
cleidigh,united states
aeschli,switzerland
skprabhanjan,Undefined
DBjelovuk,blank field
jjyyxx,blank field
alexr00,united states
alexr00,united states
RMacfarlane,blank field
sandy081,switzerland
jjyyxx,blank field
sbatten,blank field
ramya-rao-a,united states
ramya-rao-a,united states
misolori,united states
alexr00,united states
skprabhanjan,Undefined
misolori,united states
sandy081,switzerland
oneslash,germany
bpasero,switzerland
sbatten,blank field
cleidigh,united states
sbatten,blank field
alexr00,united states
alexr00,united states
andreamazza89,united kingdom
headmelted,united kingdom
rik-smeets,blank field
cleidigh,united states
mfonville,Undefined
sucicf1,blank field
Git-Lior,blank field
bpasero,switzerland
eamodio,Undefined
mc10,united states
jgbright,blank field
misolori,united states
rodrigovaras,blank field
sbatten,blank field
Git-Lior,blank field
bpasero,switzerland
mjbvz,blank field
cleidigh,united states
sandy081,switzerland
NomanGul,pakistan
cleidigh,united states
mjbvz,blank field
sandy081,switzerland
sandy081,switzerland
noraj,france
davnicwil,blank field
guywald1,israel
auchenberg,united states
neverping,brazil
RMacfarlane,blank field
alexr00,united states
jrieken,switzerland
jrieken,switzerland
jrieken,switzerland
misolori,united states
misolori,united states
mjbvz,blank field
jgbright,blank field
bpceee,china
auchenberg,united states
usernamehw,blank field
sandy081,switzerland
sandy081,switzerland
aviddiviner,blank field
joaomoreno,switzerland
DavidStaheli,Undefined
ParkourKarthik,india
blutorange,germany
weinand,switzerland
fjacob21,canada
lzmkony,blank field
jrieken,switzerland
isidorn,switzerland
isidorn,switzerland
isidorn,switzerland
sbatten,blank field
cleidigh,united states
jgbright,blank field
tdyas,blank field
patr0nus,china
bpasero,switzerland
oneslash,germany
jgbright,blank field
AArnott,united states
bpasero,switzerland
isidorn,switzerland
isidorn,switzerland
K900,blank field
DustinCampbell,united states
gavinrolson,blank field
Geloosa,russia
Geloosa,russia
brunofin,poland
cleidigh,united states
dbaeumer,switzerland
fabsenet,germany
aeschli,switzerland
tsangint,china
cleidigh,united states
amcasey,united states
JacksonKearl,blank field
roblourens,united states
jrieken,switzerland
isidorn,switzerland
alexandrudima,switzerland
bpasero,switzerland
cleidigh,united states
cleidigh,united states
JacksonKearl,blank field
sbatten,blank field
misolori,united states
cleidigh,united states
ParkourKarthik,india
aldonetti,blank field
DJMcNab,united kingdom
MarvinJWendt,blank field
JacksonKearl,blank field
roblourens,united states
ris58h,blank field
misolori,united states
isidorn,switzerland
ManoelLobo,blank field
luiszun,united states
njkevlani,india
JacksonKearl,blank field
JacksonKearl,blank field
JacksonKearl,blank field
mairaw,united states
connorshea,united states
jats22,Undefined
jats22,Undefined
isidorn,switzerland
kutyel,spain
JacksonKearl,blank field
mattferderer,blank field
sandy081,switzerland
isidorn,switzerland
joaomoreno,switzerland
ris58h,blank field
joaomoreno,switzerland
jeanp413,blank field
jats22,Undefined
mjwsteenbergen,blank field
Epigene,latvia
hhu94,united states
segevfiner,blank field
bpasero,switzerland
sbatten,blank field
misolori,united states
16m,blank field
baobin81,Undefined
ramya-rao-a,united states
JacksonKearl,blank field
sbatten,blank field
JacksonKearl,blank field
JacksonKearl,blank field
sbatten,blank field
roblourens,united states
hhu94,united states
cdnil,blank field
andyli,hong kong
sbatten,blank field
JacksonKearl,blank field
JacksonKearl,blank field
octref,Undefined
andyli,hong kong
cleidigh,united states
JacksonKearl,blank field
bpasero,switzerland
jrieken,switzerland
bpasero,switzerland
roblourens,united states
taldromi,Undefined
ramya-rao-a,united states
sbatten,blank field
JacksonKearl,blank field
JacksonKearl,blank field
cleidigh,united states
itamark,israel
aeschli,switzerland
GGICE,china
ramya-rao-a,united states
sbatten,blank field
ramya-rao-a,united states
rebornix,united states
aeschli,switzerland
cdnil,blank field
ParkourKarthik,india
wistcc,dominican republic
JacksonKearl,blank field
JacksonKearl,blank field
octref,Undefined
andyli,hong kong
cleidigh,united states
JacksonKearl,blank field
bpasero,switzerland
jrieken,switzerland
bpasero,switzerland
roblourens,united states
taldromi,Undefined
ramya-rao-a,united states
sbatten,blank field
JacksonKearl,blank field
JacksonKearl,blank field
cleidigh,united states
itamark,israel
aeschli,switzerland
GGICE,china
ramya-rao-a,united states
sbatten,blank field
ramya-rao-a,united states
rebornix,united states
aeschli,switzerland
cdnil,blank field
ParkourKarthik,india
wistcc,dominican republic
tombasche,australia
JacksonKearl,blank field
ris58h,blank field
sbatten,blank field
cdnil,blank field
cdnil,blank field
misolori,united states
Tyriar,united states
rag4214,blank field
gopalgoel19,india
JacksonKearl,blank field
wistcc,dominican republic
wistcc,dominican republic
octref,Undefined
Krzysztof-Cieslak,poland
itamark,israel
cleidigh,united states
aps32221,blank field
ramya-rao-a,united states
JacksonKearl,blank field
sbatten,blank field
Tyriar,united states
misolori,united states
fadeevab,Undefined
Testprofile02,Undefined
JacksonKearl,blank field
JacksonKearl,blank field
Tyriar,united states
mathdeziel,canada
Michel73,blank field
ris58h,blank field
lolerwaffles,blank field
JacksonKearl,blank field
JacksonKearl,blank field
JacksonKearl,blank field
octref,Undefined
JacksonKearl,blank field
JacksonKearl,blank field
JacksonKearl,blank field
qcz,hungary
cleidigh,united states
JacksonKearl,blank field
flotwig,united states
amcasey,united states
BO41,blank field
BO41,blank field
JacksonKearl,blank field
JacksonKearl,blank field
JacksonKearl,blank field
Tyriar,united states
V-ed,canada
JacksonKearl,blank field
ozyx,Undefined
oygen87,sweden
MattHardcastle,united states
JacksonKearl,blank field
JacksonKearl,blank field
JacksonKearl,blank field
ramya-rao-a,united states
JacksonKearl,blank field
chrmarti,blank field
JacksonKearl,blank field
sbatten,blank field
ramya-rao-a,united states
JacksonKearl,blank field
mechatroner,Undefined
sbatten,blank field
ramya-rao-a,united states
ramya-rao-a,united states
mjbvz,blank field
ramya-rao-a,united states
JacksonKearl,blank field
JacksonKearl,blank field
misolori,united states
Tyriar,united states
nikolasburk,blank field
JacksonKearl,blank field
JacksonKearl,blank field
misolori,united states
sbatten,blank field
isidorn,switzerland
SathishRanjan,blank field
mjbvz,blank field
larryeby,united states
JacksonKearl,blank field
larryeby,united states
segevfiner,blank field
Tyriar,united states
misolori,united states
aldonetti,blank field
sandy081,switzerland
misolori,united states
dbaeumer,switzerland
Tyriar,united states
Hirico,china
exe-dealer,kazakhstan
sandy081,switzerland
arjun27,blank field
roblourens,united states
ramya-rao-a,united states
ramya-rao-a,united states
sbatten,blank field
desenvolvedorIcotrade,brazil
ramya-rao-a,united states
sbatten,blank field
JacksonKearl,blank field
sandy081,switzerland
iporsut,Undefined
JoshuaKGoldberg,united states
ramya-rao-a,united states
Tyriar,united states
ahmadasde,blank field
joaomoreno,switzerland
ramya-rao-a,united states
RMacfarlane,blank field
cleidigh,united states
JacksonKearl,blank field
JacksonKearl,blank field
bpasero,switzerland
bpasero,switzerland
cleidigh,united states
cleidigh,united states
lannonbr,Undefined
sbatten,blank field
mjbvz,blank field
misolori,united states
cleidigh,united states
cleidigh,united states
cleidigh,united states
cleidigh,united states
konstantin-mueller,blank field
gregvanl,blank field
gregvanl,blank field
qcz,hungary
imhuay,china
bpasero,switzerland
Jongkeun,Undefined
cleidigh,united states
yogeshmangaj,india
mshoho,blank field
joaomoreno,switzerland
sbatten,blank field
bpasero,switzerland
ramya-rao-a,united states
ramya-rao-a,united states
Tyriar,united states
bpasero,switzerland
joaomoreno,switzerland
FFengIll,Undefined
sbatten,blank field
chrmarti,blank field
danyeh,united states
g3offrey,france
itamark,israel
sbatten,blank field
JacksonKearl,blank field
daiyam,blank field
RMacfarlane,blank field
JacksonKearl,blank field
joaomoreno,switzerland
jrieken,switzerland
JacksonKearl,blank field
itamark,israel
JacksonKearl,blank field
cauebs,Undefined
egamma,switzerland
mnikn,china
jlbeard84,united states
cleidigh,united states
JacksonKearl,blank field
sbatten,blank field
JacksonKearl,blank field
jrieken,switzerland
joaomoreno,switzerland
bpasero,switzerland
sbatten,blank field
joaomoreno,switzerland
isidorn,switzerland
joaomoreno,switzerland
isidorn,switzerland
benjaminjackman,united states
JacksonKearl,blank field
JacksonKearl,blank field
njkevlani,india
JacksonKearl,blank field
joaomoreno,switzerland
HookyQR,blank field
sbatten,blank field
sbatten,blank field
joaomoreno,switzerland
gep13,united kingdom
bpasero,switzerland
bpasero,switzerland
bpasero,switzerland
astronomersiva,india
Tyriar,united states
coolreader18,blank field
bpasero,switzerland
sbatten,blank field
nesukun,united kingdom
gregvanl,blank field
bpasero,switzerland
Tyriar,united states
jrieken,switzerland
sbatten,blank field
neilsustc,blank field
sbatten,blank field
bpasero,switzerland
JacksonKearl,blank field
JacksonKearl,blank field
JacksonKearl,blank field
essenmitsosse,germany
gregvanl,blank field
JacksonKearl,blank field
gregvanl,blank field
JacksonKearl,blank field
Tyriar,united states
joaomoreno,switzerland
omniomi,canada
LeonardoBraga,canada
JacksonKearl,blank field
ramya-rao-a,united states
JacksonKearl,blank field
JacksonKearl,blank field
ramya-rao-a,united states
joaomoreno,switzerland
subylan,blank field
bpasero,switzerland
sbatten,blank field
zhuowei,blank field
roblourens,united states
joaomoreno,switzerland
ramya-rao-a,united states
qcz,hungary
JacksonKearl,blank field
sandy081,switzerland
roblourens,united states
flankstaek,united states
misolori,united states
JacksonKearl,blank field
iansan5653,Undefined
wistcc,dominican republic
LeonardoBraga,canada
LuisBosquez,united states
JacksonKearl,blank field
bitshiftza,blank field
Tyriar,united states
bpasero,switzerland
mvgadagi,blank field
mvgadagi,blank field
JacksonKearl,blank field
isidorn,switzerland
isidorn,switzerland
sandy081,switzerland
bitshiftza,blank field
mjbvz,blank field
octref,Undefined
bpasero,switzerland
LeonardoBraga,canada
LeonardoBraga,canada
NahomAgidew,united states
NahomAgidew,united states
Tyriar,united states
EbXpJ6bp,japan
ava1ar,united states
yello-w,blank field
momoto,japan
PAULDANIELDESKTOPQDTGBEG,blank field
NahomAgidew,united states
Dari-K,blank field
qcz,hungary
isidorn,switzerland
qcz,hungary
isidorn,switzerland
isidorn,switzerland
joaomoreno,switzerland
JacksonKearl,blank field
bpasero,switzerland
yume-chan,china
jwhitmarsh,Undefined
JacksonKearl,blank field
ryenus,blank field
neilsustc,blank field
rebornix,united states
frozzare,sweden
JacksonKearl,blank field
JacksonKearl,blank field
go2sh,germany
joaomoreno,switzerland
misolori,united states
limerickgds,china
Tyriar,united states
Gawdl3y,blank field
malmaud,blank field
JacksonKearl,blank field
mashiox,united states
JacksonKearl,blank field
amtlib-dot-dll,blank field
sbatten,blank field
ramya-rao-a,united states
JacksonKearl,blank field
JacksonKearl,blank field
JacksonKearl,blank field
joaomoreno,switzerland
joaomoreno,switzerland
ghost,Undefined
JacksonKearl,blank field
connorshea,united states
JacksonKearl,blank field
wistcc,dominican republic
TomasHubelbauer,czechia
isprogfun,united states
JacksonKearl,blank field
misolori,united states
danyeh,united states
1AmNegan,india
runningskull,united states
joaomoreno,switzerland
joaomoreno,switzerland
sbatten,blank field
1AmNegan,india
JacksonKearl,blank field
danyeh,united states
sandyarmstrong,united states
wistcc,dominican republic
wistcc,dominican republic
misolori,united states
Hirse,canada
RMacfarlane,blank field
oygen87,sweden
ramya-rao-a,united states
jrieken,switzerland
Krzysztof-Cieslak,poland
Krzysztof-Cieslak,poland
ahmadawais,Undefined
ahmadawais,Undefined
zevisert,blank field
DustinCampbell,united states
malfusion,blank field
raix,Undefined
tim241,netherlands
h-h-h-h,blank field
valera-rozuvan,Undefined
MercifulCode,united states
beauallison,united kingdom
MercifulCode,united states
RMacfarlane,blank field
ramya-rao-a,united states
chryw,united states
reyronald,dominican republic
ryenus,blank field
chrmarti,blank field
zhuowei,blank field
omniomi,canada
ramya-rao-a,united states
Krzysztof-Cieslak,poland
jaychasteen,united states
deadcities,blank field
deadcities,blank field
mkavidas,blank field
zhuowei,blank field
rianadon,blank field
tomzx,canada
Tyriar,united states
ghost,Undefined
TomasHubelbauer,czechia
cedric05,pakistan
mjbvz,blank field
ghost,Undefined
mkavidas,blank field
Tyriar,united states
chrmarti,blank field
callumisitt,Undefined
Krzysztof-Cieslak,poland
Heldenkrieger01,blank field
Krzysztof-Cieslak,poland
sandy081,switzerland
isidorn,switzerland
Yomni,blank field
ghost,Undefined
Krzysztof-Cieslak,poland
jrieken,switzerland
infoneershalin,blank field
ragnarok56,blank field
jiegec,blank field
DustinCampbell,united states
InspectorDeno,blank field
usernamehw,blank field
dwilliamson,united kingdom
danielfrankcom,malta
danielfrankcom,malta
irrationalRock,blank field
brunnopleffken,brazil
gioragutt,israel
manixate,singapore
roblourens,united states
legomushroom,united states
dwilliamson,united kingdom
ghost,Undefined
ghost,Undefined
Huachao,china
mjbvz,blank field
chsienki,united states
mjbvz,blank field
DustinCampbell,united states
harbin1053020115,china
bpasero,switzerland
misolori,united states
TomasHubelbauer,czechia
alexr00,united states
alexr00,united states
alexr00,united states
alexr00,united states
jeanp413,blank field
alexr00,united states
alexr00,united states
alexr00,united states
albinotonnina,united kingdom
sandy081,switzerland
alexr00,united states
Xanewok,poland
irrationalRock,blank field
mkavidas,blank field
CoenraadS,blank field
gabrieljacobsen,brazil
borgfriend,germany
iamCristYe,blank field
AeliusSaionji,blank field
TomasHubelbauer,czechia
ihalip,romania
dwilliamson,united kingdom
ranolfi,blank field
chenhowa,blank field
joaomoreno,switzerland
seesemichaelj,united states
seesemichaelj,united states
roblourens,united states
mjbvz,blank field
DustinCampbell,united states
stormwarning,canada
danyeh,united states
joaomoreno,switzerland
chrmarti,blank field
usernamehw,blank field
cedric05,pakistan
chryw,united states
mjbvz,blank field
JoshSchreuder,australia
RMacfarlane,blank field
danyeh,united states
tsalinger,blank field
isidorn,switzerland
roblourens,united states
alexglazkov9,blank field
mick-io,united states
cedric05,pakistan
shizengzhou,china
isidorn,switzerland
aeschli,switzerland
tsalinger,blank field
isidorn,switzerland
Ikuyadeu,japan
dbaeumer,switzerland
tsalinger,blank field
ghost,Undefined
cedric05,pakistan
isidorn,switzerland
ramya-rao-a,united states
jeffhoye,united states
joaomoreno,switzerland
Owen-Mak,canada
gzzhanghao,blank field
Jasonlhy,blank field
Owen-Mak,canada
cody,blank field
bowdenk7,united states
bpasero,switzerland
mjbvz,blank field
Tyriar,united states
sandy081,switzerland
jsoref,canada
cleidigh,united states
Piotr-Nawrot,blank field
aeschli,switzerland
jaeko44,australia
tsalinger,blank field
tsalinger,blank field
cleidigh,united states
mjbvz,blank field
mjbvz,blank field
tsalinger,blank field
tsalinger,blank field
sandy081,switzerland
chenhowa,blank field
brentwang23,blank field
wmb0117,blank field
nikeee,germany
mjbvz,blank field
noahjg,united states
mjbvz,blank field
Tyriar,united states
aymen94,italy
aymen94,italy
pradeepmurugesan,germany
tsalinger,blank field
testworksau,blank field
lwillia,blank field
pfongkye,france
jsoref,canada
avbhatt,blank field
andrewtomai,blank field
mattacosta,blank field
skl131313,Undefined
mjbvz,blank field
pradeepmurugesan,germany
ahmaad3933,blank field
bryce-s,united states
ivorhuang,blank field
octref,Undefined
fmal,poland
octref,Undefined
ryenus,blank field
costincaraivan,blank field
gregvanl,blank field
mjbvz,blank field
octref,Undefined
Tyriar,united states
sryze,blank field
pradeepmurugesan,germany
ryu1kn,australia
vincentLiuxiang,blank field
mjbvz,blank field
RMacfarlane,blank field
DustinCampbell,united states
Tyriar,united states
JoshuaKGoldberg,united states
bpasero,switzerland
joaomoreno,switzerland
pr-yemibedu,united kingdom
cleidigh,united states
JoshuaKGoldberg,united states
jurf,slovakia
raynicho,united states
mjbvz,blank field
roblourens,united states
bpasero,switzerland
raynicho,united states
pradeepmurugesan,germany
jrieken,switzerland
ivorhuang,blank field
bpasero,switzerland
RMacfarlane,blank field
joaomoreno,switzerland
bpasero,switzerland
ernestasju,blank field
ernestasju,blank field
malt03,blank field
pradeepmurugesan,germany
floriantraber,germany
cleidigh,united states
ddruker,united states
gushuro,blank field
gushuro,blank field
lloeki,blank field
svipben,lithuania
ginlime,blank field
ramya-rao-a,united states
RMacfarlane,blank field
brettcannon,canada
ramya-rao-a,united states
sbatten,blank field
oriash93,israel
coliff,japan
gushuro,blank field
marckassay,united states
marcobeltempo,canada
Tyriar,united states
isidorn,switzerland
alexglazkov9,blank field
cleidigh,united states
kumarharsh,india
cleidigh,united states
captainrdubb,united states
anoff,germany
jeanp413,blank field
Owen-Mak,canada
kennyle1412,united states
mrkmarron,united states
mjbvz,blank field
gushuro,blank field
Titansmasher,blank field
chrmarti,blank field
roblourens,united states
jeanp413,blank field
auchenberg,united states
octref,Undefined
pradeepmurugesan,germany
usernamehw,blank field
isidorn,switzerland
AiryShift,blank field
sbatten,blank field
lyallh,blank field
sandy081,switzerland
isidorn,switzerland
mjbvz,blank field
octref,Undefined
bpasero,switzerland
tsalinger,blank field
bpasero,switzerland
katakonst,romania
ddruker,united states
bpasero,switzerland
usernamehw,blank field
amtlib-dot-dll,blank field
danielfrankcom,malta
fathyb,Undefined
gizm0bill,blank field
jjyyxx,blank field
mjbvz,blank field
joerohde,blank field
fabiospampinato,italy
bpasero,switzerland
bpasero,switzerland
danielfrankcom,malta
chryw,united states
camilogiraldo,colombia
mjbvz,blank field
pradeepmurugesan,germany
killerDJO,Undefined
Dari-K,blank field
octref,Undefined
SrTobi,germany
isidorn,switzerland
zikalino,china
isidorn,switzerland
nojvek,united states
Arnie97,china
shobhitchittora,Undefined
ghost,Undefined
stevedesmond-ca,united states
chryw,united states
SrTobi,germany
shizengzhou,china
JacksonKearl,blank field
SrTobi,germany
chryw,united states
vnnv01,blank field
rsalvador,united states
oriash93,israel
bpasero,switzerland
JacksonKearl,blank field
JacksonKearl,blank field
yh1224,blank field
gushuro,blank field
octref,Undefined
gushuro,blank field
mjbvz,blank field
chryw,united states
isidorn,switzerland
ohana54,blank field
joaomoreno,switzerland
MosesGuddah123,blank field
mjbvz,blank field
rtbz,blank field
TomasHubelbauer,czechia
bpasero,switzerland
isidorn,switzerland
isidorn,switzerland
shobhitchittora,Undefined
tats-u,japan
josh-,australia
gnijuohz,canada
chryw,united states
mjbvz,blank field
gushuro,blank field
mjbvz,blank field
isidorn,switzerland
Tyriar,united states
gushuro,blank field
danyeh,united states
chryw,united states
tsalinger,blank field
gushuro,blank field
raygervais,blank field
aldonetti,blank field
captainrdubb,united states
xiaohuilam,china
oriash93,israel
mechatroner,Undefined
liqwid,blank field
shizengzhou,china
Tyriar,united states
oriash93,israel
captainrdubb,united states
ramya-rao-a,united states
Tyriar,united states
0xabu,blank field
gushuro,blank field
tsalinger,blank field
isidorn,switzerland
amalik12,blank field
gregvanl,blank field
codetriage-readme-bot,blank field
tsalinger,blank field
octref,Undefined
mjbvz,blank field
mjbvz,blank field
ramya-rao-a,united states
Tyriar,united states
amtlib-dot-dll,blank field
qcz,hungary
jhessin,Undefined
jhessin,Undefined
amtlib-dot-dll,blank field
Tiberriver256,blank field
oriash93,israel
mjbvz,blank field
aeschli,switzerland
chrmarti,blank field
eamodio,Undefined
captainrdubb,united states
ntovas,greece
ntovas,greece
rcjsuen,canada
mjbvz,blank field
mjbvz,blank field
usernamehw,blank field
Tyriar,united states
SirHoneyBiscuit,blank field
itamark,israel
yh1224,blank field
rsalvador,united states
mklement0,blank field
alexandrudima,switzerland
SirHoneyBiscuit,blank field
aldonetti,blank field
bpasero,switzerland
mathsalmi,brazil
mjbvz,blank field
octref,Undefined
SrTobi,germany
Mrigank11,india
Kiricon,united states
bpasero,switzerland
tsalinger,blank field
aushakou,canada
Kiricon,united states
svitlana-galianova,canada
tsalinger,blank field
tsalinger,blank field
irrationalRock,blank field
aleksijuvani,finland
nikonso,portugal
bschlenk,united states
nojvek,united states
Tyriar,united states
kasecato,japan
isidorn,switzerland
isidorn,switzerland
mjbvz,blank field
bpasero,switzerland
EbXpJ6bp,japan
DominikDitoIvosevic,croatia
RMacfarlane,blank field
buyology,sweden
tsalinger,blank field
taketori,japan
shobhitchittora,Undefined
raja-rizki,indonesia
gushuro,blank field
joaomoreno,switzerland
Tyriar,united states
aushakou,canada
irudoy,russia
sriram-dev,india
AlexanderStark,Undefined
hanifsameer,blank field
rpyendluri,blank field
grabantot,belarus
ergunsh,turkey
grubeeric,blank field
DjangoUnluked,blank field
nexes,united states
ergunsh,turkey
nojvek,united states
binsenpai,united states
shobhitchittora,Undefined
peidaqi,canada
joshunger,blank field
mjbvz,blank field
gushuro,blank field
octref,Undefined
usernamehw,blank field
bpasero,switzerland
raja-rizki,indonesia
raja-rizki,indonesia
raja-rizki,indonesia
raja-rizki,indonesia
roblourens,united states
roblourens,united states
vbfox,france
pushqrdx,blank field
simar7,Undefined
cleidigh,united states
raygervais,blank field
mjbvz,blank field
danyeh,united states
bpasero,switzerland
svipben,lithuania
svipben,lithuania
RMacfarlane,blank field
rebornix,united states
RMacfarlane,blank field
Connormiha,blank field
Connormiha,blank field
seishun,latvia
qcz,hungary
greggman,Undefined
raygervais,blank field
gushuro,blank field
RMacfarlane,blank field
egamma,switzerland
john681611,united kingdom
aldonetti,blank field
aldonetti,blank field
changeworld,japan
Tyriar,united states
usernamehw,blank field
egamma,switzerland
Narzila92,blank field
mjbvz,blank field
joaomoreno,switzerland
shixu,germany
nicksnyder,united states
gushuro,blank field
mrkmarron,united states
royallthefourth,united states
nicksnyder,united states
bpasero,switzerland
usernamehw,blank field
ramya-rao-a,united states
svitlana-galianova,canada
joaomoreno,switzerland
usernamehw,blank field
aldonetti,blank field
RMacfarlane,blank field
RMacfarlane,blank field
RMacfarlane,blank field
joaomoreno,switzerland
bpasero,switzerland
nexes,united states
svanimpe,belgium
warpdesign,france
bpasero,switzerland
usernamehw,blank field
usernamehw,blank field
KamilSzot,Undefined
RMacfarlane,blank field
mjbvz,blank field
brgrz,slovenia
mjbvz,blank field
bpasero,switzerland
ghost,Undefined
egamma,switzerland
egamma,switzerland
akosyakov,germany
koutoftimer,ukraine
ghost,Undefined
csholmq,Undefined
Cryrivers,singapore
raulesgalindo,blank field
ownadi,poland
mjbvz,blank field
isidorn,switzerland
jbkrabi,blank field
shobhitchittora,Undefined
usernamehw,blank field
mjbvz,blank field
RMacfarlane,blank field
samervin,blank field
electriccode,blank field
mjbvz,blank field
alexandrudima,switzerland
usernamehw,blank field
ramya-rao-a,united states
chrisdias,united states
pfongkye,france
Tyriar,united states
akosyakov,germany
ColCh,russia
unional,blank field
bpasero,switzerland
Digized,canada
ramya-rao-a,united states
mjbvz,blank field
davidtadams,united states
tedhudek,united states
isidorn,switzerland
naprelsky,russia
ngyikp,blank field
usernamehw,blank field
ggilmore,united states
mikaoelitiana,france
mikaoelitiana,france
usernamehw,blank field
isidorn,switzerland
cleidigh,united states
izznogooood,norway
JacksonKearl,blank field
sandy081,switzerland
sandy081,switzerland
bpasero,switzerland
YannickMeeus,finland
krvajal,belgium
felixfbecker,germany
usernamehw,blank field
alexandrudima,switzerland
isidorn,switzerland
niklabh,blank field
YuichiNukiyama,japan
mjbvz,blank field
mathieubruguier,united states
usernamehw,blank field
sylveon,Undefined
seanpoulter,canada
bpasero,switzerland
Rmaul,blank field
mlewand,poland
ironyman,blank field
cleidigh,united states
Tyriar,united states
rebornix,united states
ramya-rao-a,united states
sergey-kintsel,russia
usernamehw,blank field
dragfire,liberia
electriccode,blank field
henkmollema,netherlands
jdneo,china
mjbvz,blank field
zmb3,united states
techonomics69,Undefined
wangweixuan,china
cleidigh,united states
roblourens,united states
usernamehw,blank field
spalger,united states
cleidigh,united states
cleidigh,united states
spalger,united states
cleidigh,united states
bpceee,china
Tyriar,united states
joshunger,blank field
joshunger,blank field
saighost,china
usernamehw,blank field
bpceee,china
ironyman,blank field
Hum4n01d,blank field
SrTobi,germany
StefanScherer,Undefined
shobhitchittora,Undefined
tonyc,united states
Baltazore,blank field
ironyman,blank field
ghost,Undefined
shobhitchittora,Undefined
cleidigh,united states
cleidigh,united states
bpasero,switzerland
bpceee,china
alexandrudima,switzerland
pfongkye,france
bpceee,china
cleidigh,united states
Yukaii,taiwan
jonathandelgado,united states
cleidigh,united states
cleidigh,united states
heaths,blank field
Radon222,blank field
ramya-rao-a,united states
usernamehw,blank field
bpasero,switzerland
brandonrninefive,united states
sbatten,blank field
sbatten,blank field
viztor,blank field
Radon222,blank field
keringar,blank field
timbanaveen,blank field
Ash258,czechia
TeeSeal,blank field
sbatten,blank field
sbatten,blank field
bpasero,switzerland
shobhitchittora,Undefined
sandy081,switzerland
isidorn,switzerland
dragfire,liberia
phynalle,"""korea"
pfongkye,france
roblourens,united states
danyeh,united states
nicksnyder,united states
DustinCampbell,united states
Tyriar,united states
Manzurkds,india
benbenbenbenbenben,blank field
bpasero,switzerland
i328638,blank field
ramya-rao-a,united states
kieferrm,united states
octref,Undefined
TeeSeal,blank field
mjbvz,blank field
rebornix,united states
jrieken,switzerland
veggiemonk,sweden
demoran23,blank field
usernamehw,blank field
rianadon,blank field
pfongkye,france
colinfang,blank field
mjbvz,blank field
doudou,blank field
doudou,blank field
Frozenfire92,Undefined
AiryShift,blank field
AiryShift,blank field
Peteraya,blank field
zemafaz,blank field
zemafaz,blank field
Dari-K,blank field
qcz,hungary
Peteraya,blank field
ohana54,blank field
AndyBay,norway
ramya-rao-a,united states
ironyman,blank field
zemafaz,blank field
Lantaros,blank field
jacobdufault,blank field
njbmartin,united kingdom
RMacfarlane,blank field
joaomoreno,switzerland
ramya-rao-a,united states
afonsobspinto,portugal
danrpinho,blank field
Ikuyadeu,japan
yitongding,Undefined
apap04,liberia
adelphes,blank field
ajitid,blank field
chrmarti,blank field
RMacfarlane,blank field
Dari-K,blank field
mjbvz,blank field
roblourens,united states
Lantaros,blank field
moorejs,united states
joaomoreno,switzerland
mjbvz,blank field
nkofl,blank field
usernamehw,blank field
egamma,switzerland
PoiSoNz,portugal
up201503995,blank field
alexandrudima,switzerland
bpasero,switzerland
mariosantosprivate,blank field
oncode,switzerland
shivammittal99,india
shivammittal99,india
Dozed12,portugal
RMacfarlane,blank field
bpasero,switzerland
bpasero,switzerland
ctaggart,blank field
Dozed12,portugal
Heatwave,china
moorejs,united states
evdokimovm,russia
qix,south africa
ethernetcable,blank field
isidorn,switzerland
afonsobspinto,portugal
Ross65536,portugal
shivammittal99,india
bpasero,switzerland
MoyoungY,blank field
felixfbecker,germany
aspanumrao,blank field
dyc3,Undefined
stevencl,united kingdom
isidorn,switzerland
tsalinger,blank field
rebornix,united states
kieferrm,united states
rebornix,united states
rebornix,united states
tsalinger,blank field
cleidigh,united states
ramya-rao-a,united states
AdenFlorian,Undefined
CoenraadS,blank field
shivammittal99,india
usernamehw,blank field
bpasero,switzerland
ramya-rao-a,united states
mjbvz,blank field
mjbvz,blank field
mjbvz,blank field
mxschmitt,germany
danbovey,united kingdom
martellaj,united states
cleidigh,united states
gregvanl,blank field
graknol,norway
cyrilletuzi,Undefined
bschlenk,united states
alexandrudima,switzerland
joaomoreno,switzerland
shivammittal99,india
adirasmadin,malaysia
adirasmadin,malaysia
sagea,blank field
mjbvz,blank field
nicksnyder,united states
ggilmore,united states
mjbvz,blank field
seadog007,taiwan
shivammittal99,india
martellaj,united states
nehaljwani,Undefined
KarelCasier,blank field
cleidigh,united states
cleidigh,united states
suhasdeshpande,united states
dlech,united states
sashaGee,blank field
Thomas-S-B,Undefined
Mlocik97-issues,blank field
marckassay,united states
jrieken,switzerland
itamark,israel
alexhass,germany
ggilmore,united states
drdgvhbh,blank field
Tyriar,united states
itamark,israel
ghost,Undefined
ignacionr,Undefined
abinavseelan,india
maxfurman,united states
mjbvz,blank field
ninijay,blank field
KillyMXI,blank field
danyeh,united states
bpasero,switzerland
mjbvz,blank field
mjbvz,blank field
mjbvz,blank field
mjbvz,blank field
mjbvz,blank field
mjbvz,blank field
maxfurman,united states
mjbvz,blank field
shobhitchittora,Undefined
hun1ahpu,blank field
Krzysztof-Cieslak,poland
adInfimum,blank field
shobhitchittora,Undefined
shobhitchittora,Undefined
purpleblues,Undefined
egamma,switzerland
jrieken,switzerland
felixfbecker,germany
felixfbecker,germany
sandersn,united states
cleidigh,united states
pr-yemibedu,united kingdom
waldyrious,portugal
Kurt-Shiwz,blank field
RMacfarlane,blank field
Croccifixio,poland
cleidigh,united states
kieferrm,united states
warpdesign,france
Takadimi,united states
vvavrychuk,Undefined
dotweber,united states
rsesek,united states
Ffloriel,Undefined
qcz,hungary
peterwmwong,united states
Tyriar,united states
aozgaa,united states
mxschmitt,germany
mxschmitt,germany
keegancsmith,south africa
wenshiqi0,blank field
Zarel,united states
fkrull,blank field
Tyriar,united states
keegancsmith,south africa
keegancsmith,south africa
roblourens,united states
ThmsRynr,united states
MichielVanderlee,blank field
zesik,japan
jayjun,blank field
dancek,Undefined
alexandrudima,switzerland
alcortesm,spain
ramya-rao-a,united states
ramya-rao-a,united states
misoguy,czechia
DonJayamanne,blank field
stevedesmond-ca,united states
isidorn,switzerland
bpasero,switzerland
mxschmitt,germany
bpasero,switzerland
mxschmitt,germany
misoguy,czechia
Bradllez,blank field
snjeza,Undefined
Tyriar,united states
anchepiece,united states
fwrs,belarus
drdgvhbh,blank field
ghost,Undefined
284km,japan
vnbhattarai,finland
Chillee,blank field
Tyriar,united states
alexandrudima,switzerland
dkundel,germany
brookr,united states
octref,Undefined
Markussss,norway
usernamehw,blank field
zackschuster,united states
KevinM42,blank field
brandonbloom,united states
guw,Undefined
anchepiece,united states
sandy081,switzerland
vemoo,blank field
spidernick,blank field
mjbvz,blank field
Tyriar,united states
smbkr,united kingdom
alexandrudima,switzerland
pradeepmurugesan,germany
sandy081,switzerland
mjbvz,blank field
petkahl,united states
Tyriar,united states
Tyriar,united states
nicksnyder,united states
tvand7093,blank field
golf1052,united states
qcz,hungary
chrmarti,blank field
nicksnyder,united states
isidorn,switzerland
edsonmedina,united kingdom
cleidigh,united states
BattleBas,blank field
mjbvz,blank field
chrmarti,blank field
BattleBas,blank field
zachflower,united states
mjbvz,blank field
maokelong,blank field
qcz,hungary
shiftkey,australia
melvin0008,united states
mjbvz,blank field
Tyriar,united states
beyang,united states
pr-yemibedu,united kingdom
tam5,united states
mbeatrizmagalhaes,portugal
squgeim,nepal
innerlee,hong kong
dgileadi,blank field
Krzysztof-Cieslak,poland
dKab,blank field
dKab,blank field
beyang,united states
roblourens,united states
Syeberman,canada
SamRadian,sri lanka
nolanpro,united states
danyeh,united states
jrieken,switzerland
novak,united states
KattMingMing,united states
danyeh,united states
julian-klode,germany
elibarzilay,blank field
jrieken,switzerland
bpasero,switzerland
KnisterPeter,germany
felixfbecker,germany
felixfbecker,germany
sanggonlee,canada
jmdowns2,blank field
prog-rajkamal,india
matthewferderber,canada
qcz,hungary
Tyriar,united states
qcz,hungary
bitcrazed,united states
Tyriar,united states
innerlee,hong kong
ggilmore,united states
chrmarti,blank field
kjin,united states
cleidigh,united states
qcz,hungary
kumarharsh,india
PedroC88,dominican republic
PedroC88,dominican republic
mjbvz,blank field
kieferrm,united states
Tyriar,united states
andyli,hong kong
deysaikat95,india
bpasero,switzerland
yume-chan,china
Krzysztof-Cieslak,poland
mjbvz,blank field
aozgaa,united states
Yourave,blank field
faustinoaq,panama
Jeyanthinath,Undefined
thezim,united states
bpasero,switzerland
Shark1994,blank field
thierer,blank field
OliverJAsh,united kingdom
raouldc,new zealand
WaiSiuKei,china
OliverJAsh,united kingdom
eamodio,Undefined
bpasero,switzerland
nicksnyder,united states
bpasero,switzerland
torn4dom4n,blank field
keegancsmith,south africa
bpasero,switzerland
bpasero,switzerland
ultimaweapon,thailand
kieferlam,Undefined
ramya-rao-a,united states
KuromiAK,blank field
torn4dom4n,blank field
bpasero,switzerland
DatGuyJonathan,blank field
rileyskains,blank field
sandy081,switzerland
gregvanl,blank field
mjbvz,blank field
rinqu-eu,blank field
AkashGutha,pakistan
chenxsan,blank field
chrmarti,blank field
nicksnyder,united states
gregvanl,blank field
jrieken,switzerland
AkashGutha,pakistan
qcz,hungary
ImgBotApp,united states
nicksnyder,united states
roblourens,united states
rcjsuen,canada
mjbvz,blank field
forivall,canada
keegancsmith,south africa
fabiospampinato,italy
KnisterPeter,germany
rebornix,united states
nicksnyder,united states
mjbvz,blank field
nicksnyder,united states
nicksnyder,united states
Tyriar,united states
Tyriar,united states
AiryShift,blank field
ihalip,romania
Zekes6,russia
bpasero,switzerland
mjbvz,blank field
mjbvz,blank field
danyeh,united states
bpasero,switzerland
jrieken,switzerland
nickguletskii,belarus
Ikuyadeu,japan
tvald,blank field
tvald,blank field
brandonbloom,united states
mjbvz,blank field
DustinCampbell,united states
jrieken,switzerland
jrieken,switzerland
chrmarti,blank field
Mischala,blank field
tats-u,japan
mjbvz,blank field
Tyriar,united states
kieferrm,united states
fadeevab,Undefined
andyli,hong kong
Coresi7,Undefined
TimDAdams,blank field
gdifiore,Undefined
jrieken,switzerland
Coresi7,Undefined
bpasero,switzerland
bpasero,switzerland
Sakerdot,blank field
miau715,blank field
miau715,blank field
brokenbacon,blank field
brokenbacon,blank field
devedse,blank field
ramya-rao-a,united states
Tyriar,united states
bpasero,switzerland
paldepind,denmark
Tyriar,united states
ramya-rao-a,united states
inverno,blank field
ramya-rao-a,united states
ramya-rao-a,united states
ramya-rao-a,united states
morkot,united kingdom
neilsustc,blank field
cleidigh,united states
Lixire,blank field
rebornix,united states
Tyriar,united states
chrisdias,united states
ramya-rao-a,united states
rebornix,united states
mazamachi,japan
tagniam,canada
Tyriar,united states
cleidigh,united states
Lixire,blank field
Tyriar,united states
zheeeng,china
joaomoreno,switzerland
kosychike,nigeria
neutrinonerd3333,new zealand
joaomoreno,switzerland
bpasero,switzerland
samtoubia,blank field
twlamb,blank field
Lixire,blank field
RobPethick,united kingdom
kgrz,blank field
jrieken,switzerland
Lixire,blank field
keegancsmith,south africa
keegancsmith,south africa
NAllred91,liberia
ramya-rao-a,united states
tylerwray,united states
MaxymVlasov,Undefined
yume-chan,china
hikerpig,Undefined
dlech,united states
dlech,united states
dlech,united states
heronsilva,Undefined
stevedesmond-ca,united states
ramya-rao-a,united states
seishun,latvia
headmelted,united kingdom
Lixire,blank field
DustinCampbell,united states
justinhhorner,blank field
dericcain,blank field
mjbvz,blank field
Lixire,blank field
Lixire,blank field
seanmcbreen,blank field
karthikiyengar,blank field
cleidigh,united states
PxlBuzzard,united states
felixfbecker,germany
Lixire,blank field
dlech,united states
ownagedj,blank field
cleidigh,united states
firelizzard18,united states
isidorn,switzerland
Lixire,blank field
mjbvz,blank field
chrmarti,blank field
Lixire,blank field
Tyriar,united states
Lixire,blank field
Lixire,blank field
Lixire,blank field
snhardin,blank field
jens1o,germany
ramya-rao-a,united states
Lixire,blank field
roblourens,united states
seishun,latvia
Lixire,blank field
rianadon,blank field
jep-a,united states
Lixire,blank field
stephtr,blank field
gpresland,canada
nicksnyder,united states
eldarerathis,blank field
roblourens,united states
excerebrose,united kingdom
joaomoreno,switzerland
cleidigh,united states
excerebrose,united kingdom
DustinCampbell,united states
sandy081,switzerland
joaomoreno,switzerland
dtretyakov,germany
cleidigh,united states
yfdyh000,china
wbsdty331,china
rianadon,blank field
Tyriar,united states
sandy081,switzerland
mihailik,blank field
Lixire,blank field
joaomoreno,switzerland
chrmarti,blank field
felixfbecker,germany
joaomoreno,switzerland
joaomoreno,switzerland
bpasero,switzerland
electroma,united states
Lixire,blank field
Lixire,blank field
cleidigh,united states
sappharx,united states
joaomoreno,switzerland
rawkode,united kingdom
rajkumar42,united states
bpasero,switzerland
amadare42,ukraine
cleidigh,united states
ivanz,united kingdom
praveenpuglia,Undefined
Lixire,blank field
cleidigh,united states
jrieken,switzerland
jrieken,switzerland
bpasero,switzerland
lslv1243,blank field
jens1o,germany
Tyriar,united states
priithaamer,estonia
foreverest,united states
BuraChuhadar,blank field
ferreus,blank field
mjbvz,blank field
bpasero,switzerland
J0rgeSerran0,spain
jrieken,switzerland
BuraChuhadar,blank field
roblourens,united states
mjbvz,blank field
rebornix,united states
chrmarti,blank field
ramya-rao-a,united states
mjbvz,blank field
ramya-rao-a,united states
mjbvz,blank field
mjbvz,blank field
jrieken,switzerland
sohlex,blank field
adamnemecek,united states
rbuckton,united states
bpasero,switzerland
bpasero,switzerland
michelkaporin,switzerland
mjbvz,blank field
mjbvz,blank field
tfriem,germany
jgranick,blank field
Tyriar,united states
sandy081,switzerland
joaomoreno,switzerland
BuraChuhadar,blank field
Tyriar,united states
joaomoreno,switzerland
cleidigh,united states
sandy081,switzerland
rianadon,blank field
maryam-a,blank field
keegancsmith,south africa
AArnott,united states
mihailik,blank field
hoovercj,Undefined
jens1o,germany
jens1o,germany
mjbvz,blank field
keegancsmith,south africa
dlech,united states
dlech,united states
dlech,united states
bpasero,switzerland
michelkaporin,switzerland
mjbvz,blank field
mjbvz,blank field
tfriem,germany
jgranick,blank field
Tyriar,united states
sandy081,switzerland
joaomoreno,switzerland
BuraChuhadar,blank field
Tyriar,united states
joaomoreno,switzerland
cleidigh,united states
sandy081,switzerland
rianadon,blank field
maryam-a,blank field
keegancsmith,south africa
AArnott,united states
mihailik,blank field
hoovercj,Undefined
jens1o,germany
jens1o,germany
mjbvz,blank field
keegancsmith,south africa
dlech,united states
dlech,united states
dlech,united states
nicksnyder,united states
joaomoreno,switzerland
brandonrninefive,united states
joaomoreno,switzerland
huizhougit,blank field
Tyriar,united states
cleidigh,united states
cleidigh,united states
huizhougit,blank field
stringham,united states
BuraChuhadar,blank field
stringham,united states
marckassay,united states
chrmarti,blank field
foreverest,united states
jcgruenhage,germany
felixfbecker,germany
foreverest,united states
Lixire,blank field
hoovercj,Undefined
dadlerj,united states
isemantics,Undefined
Tyriar,united states
Lixire,blank field
Lixire,blank field
Krzysztof-Cieslak,poland
Lixire,blank field
waderyan,united states
Krzysztof-Cieslak,poland
Krzysztof-Cieslak,poland
keegancsmith,south africa
letmaik,new zealand
felixfbecker,germany
BuraChuhadar,blank field
Tyriar,united states
roblourens,united states
Lixire,blank field
Krzysztof-Cieslak,poland
Krzysztof-Cieslak,poland
bpasero,switzerland
Ikuyadeu,japan
Lixire,blank field
Tyriar,united states
Krzysztof-Cieslak,poland
Krzysztof-Cieslak,poland
roblourens,united states
jens1o,germany
isidorn,switzerland
eamodio,Undefined
mjbvz,blank field
mjbvz,blank field
rebornix,united states
felixfbecker,germany
isidorn,switzerland
isidorn,switzerland
Ikuyadeu,japan
ihalip,romania
gandreadis,Undefined
cristianhosu,blank field
Tyriar,united states
sharwell,united states
mjbvz,blank field
Lixire,blank field
PeteX,blank field
sandy081,switzerland
aefernandes,blank field
cristianhosu,blank field
jens1o,germany
rohith,india
ishanarora,india
bpasero,switzerland
rohith,india
be5invis,china
mjbvz,blank field
rebornix,united states
nicksnyder,united states
mjbvz,blank field
rohith,india
TomasHubelbauer,czechia
mjbvz,blank field
andy-ms,blank field
JeremyLoy,Undefined
bpasero,switzerland
ramya-rao-a,united states
mbeatrizmagalhaes,portugal
nicksnyder,united states
Lixire,blank field
Lixire,blank field
Lixire,blank field
hasali19,Undefined
rohith,india
jammerware,united states
mjbvz,blank field
alfonsoperez,united states
Tyriar,united states
bpasero,switzerland
jens1o,germany
wegotthekeys,united kingdom
neilsustc,blank field
cleidigh,united states
bpasero,switzerland
neilsustc,blank field
chewong,blank field
chewong,blank field
chewong,blank field
nicksnyder,united states
mjbvz,blank field
DustinCampbell,united states
nicksnyder,united states
jens1o,germany
campersau,blank field
jens1o,germany
jens1o,germany
mjbvz,blank field
jens1o,germany
roblourens,united states
chewong,blank field
Kwpolska,Undefined
hun1ahpu,blank field
hun1ahpu,blank field
mjbvz,blank field
langdonx,united states
marckassay,united states
nicksnyder,united states
marckassay,united states
michelkaporin,switzerland
pprice,united states
chrmarti,blank field
chrmarti,blank field
samelhusseini,united states
gregvanl,blank field
bpasero,switzerland
DustinCampbell,united states
Tyriar,united states
cleidigh,united states
Tyriar,united states
vignesh10,india
stringham,united states
isidorn,switzerland
eamodio,Undefined
eamodio,Undefined
katemihalikova,czechia
eamodio,Undefined
eamodio,Undefined
KattMingMing,united states
nicksnyder,united states
Ikuyadeu,japan
mjbvz,blank field
Zalastax,Undefined
cleidigh,united states
fadeevab,Undefined
yfdyh000,china
mark-adams,united states
fadeevab,Undefined
jens1o,germany
Krzysztof-Cieslak,poland
koddsson,united kingdom
mjbvz,blank field
nicksnyder,united states
ramya-rao-a,united states
ramya-rao-a,united states
mjbvz,blank field
maniramezan,united states
nicksnyder,united states
pprice,united states
dmportella,Undefined
WaiSiuKei,china
mjbvz,blank field
nicksnyder,united states
mjbvz,blank field
ryanmcnamara,blank field
alexandrudima,switzerland
bpasero,switzerland
smoogipoo,australia
alexandrudima,switzerland
ashutoshdhundhara,india
luxifer,france
matthewshirley,Undefined
rokoroku,"""korea"
BuraChuhadar,blank field
hoda5,brazil
nicksnyder,united states
hoda5,brazil
jhasse,germany
ramya-rao-a,united states
Duroktar,canada
Lixire,blank field
actboy168,china
hudson663,blank field
apwelsh,united states
apwelsh,united states
Lixire,blank field
bpasero,switzerland
hungys,taiwan
hungys,taiwan
ramya-rao-a,united states
mjbvz,blank field
bpasero,switzerland
tomoki1207,blank field
Lixire,blank field
ramya-rao-a,united states
Lixire,blank field
dlech,united states
aeschli,switzerland
phocks,australia
Duroktar,canada
mjbvz,blank field
mappu,blank field
hoda5,brazil
luxifer,france
mjbvz,blank field
kdmu,spain
atul-wizni,india
mjbvz,blank field
mjbvz,blank field
asottile,blank field
mjbvz,blank field
mjbvz,blank field
wgrr,blank field
mjbvz,blank field
bpasero,switzerland
bpasero,switzerland
isidorn,switzerland
Ikuyadeu,japan
kamijin-fanta,Undefined
acls,blank field
ramya-rao-a,united states
JeremyLoy,Undefined
mjbvz,blank field
samlh,blank field
jportela,portugal
mjbvz,blank field
Tyriar,united states
hoda5,brazil
mjbvz,blank field
Tyriar,united states
jrieken,switzerland
fadeevab,Undefined
bpasero,switzerland
letmaik,new zealand
mjbvz,blank field
ihalip,romania
mjbvz,blank field
Ikuyadeu,japan
gonzofish,blank field
letmaik,new zealand
mjbvz,blank field
mjbvz,blank field
ashirley,united kingdom
mjbvz,blank field
mjbvz,blank field
jrieken,switzerland
ramya-rao-a,united states
mjbvz,blank field
mjbvz,blank field
CoenraadS,blank field
BuraChuhadar,blank field
ramya-rao-a,united states
mjbvz,blank field
bmeck,united states
gecharo,blank field
timbanaveen,blank field
jportela,portugal
soneymathew,blank field
cleidigh,united states
chrmarti,blank field
bpasero,switzerland
cleidigh,united states
ramya-rao-a,united states
nicksnyder,united states
codeguy,united states
andy-ms,blank field
jhasse,germany
ihalip,romania
tonsky,russia
tonsky,russia
the-ress,czechia
Tyriar,united states
Tyriar,united states
seesemichaelj,united states
yonta,japan
StevenTCramer,Undefined
mjbvz,blank field
Tyriar,united states
mjbvz,blank field
vnbrs,brazil
JD342,blank field
admosity,blank field
ramya-rao-a,united states
mjbvz,blank field
mjbvz,blank field
Tyriar,united states
praveenpuglia,Undefined
ramya-rao-a,united states
mjbvz,blank field
mjbvz,blank field
mjbvz,blank field
mjbvz,blank field
djmisterjon,Undefined
mjbvz,blank field
matchai,canada
rishab-pdx,blank field
dten,blank field
bpasero,switzerland
mjbvz,blank field
rebornix,united states
ThmsRynr,united states
jportela,portugal
ihalip,romania
ihalip,romania
headmelted,united kingdom
rishab-pdx,blank field
ramya-rao-a,united states
mjbvz,blank field
igelbox,russia
gauss1314,blank field
cleidigh,united states
timbanaveen,blank field
mjbvz,blank field
mjbvz,blank field
mjbvz,blank field
ramya-rao-a,united states
mjbvz,blank field
mbrickn,Undefined
Kiricon,united states
timbanaveen,blank field
mjbvz,blank field
cleidigh,united states
bpasero,switzerland
XianwuLin,Undefined
eamodio,Undefined
Kiricon,united states
Kiricon,united states
rishab-pdx,blank field
romulo1984,Undefined
lifez,thailand
peterjuras,germany
beeplin,blank field
gregvanl,blank field
mjbvz,blank field
mjbvz,blank field
michelkaporin,switzerland
bpasero,switzerland
bpasero,switzerland
bpasero,switzerland
Kiricon,united states
Kiricon,united states
rishab-pdx,blank field
Ikuyadeu,japan
mjbvz,blank field
wabirached,canada
bpasero,switzerland
bpasero,switzerland
russellbeattie,united states
cleidigh,united states
roblourens,united states
zhrangui,blank field
bpasero,switzerland
dhritzkiv,canada
isidorn,switzerland
bpasero,switzerland
QwertyZW,blank field
mjbvz,blank field
mjbvz,blank field
mjbvz,blank field
lorthirk,italy
alexandrudima,switzerland
michelkaporin,switzerland
alexandrudima,switzerland
bpasero,switzerland
bpasero,switzerland
ramya-rao-a,united states
bschlenk,united states
bpasero,switzerland
DickvdBrink,blank field
Tyriar,united states
chrmarti,blank field
cleidigh,united states
katainaka0503,blank field
jsynowiec,Undefined
ervin210,united kingdom
michelkaporin,switzerland
seivan,sweden
joaomoreno,switzerland
eamodio,Undefined
roblourens,united states
wenshiqi0,blank field
chrmarti,blank field
weinand,switzerland
ervin210,united kingdom
isidorn,switzerland
joaomoreno,switzerland
michelkaporin,switzerland
michelkaporin,switzerland
ice-blaze,switzerland
daviwil,united states
cristianhosu,blank field
elias-winberg,sweden
elias-winberg,sweden
richardmin,united states
Tyriar,united states
DustinCampbell,united states
timbanaveen,blank field
ramya-rao-a,united states
gregvanl,blank field
mjbvz,blank field
rebornix,united states
mjbvz,blank field
joaomoreno,switzerland
michelkaporin,switzerland
ramya-rao-a,united states
mjbvz,blank field
cristianhosu,blank field
joaomoreno,switzerland
astar55,blank field
hoovercj,Undefined
vsobotka,blank field
aperezdc,Undefined
bpasero,switzerland
michelkaporin,switzerland
warpdesign,france
hoovercj,Undefined
mjbvz,blank field
wabirached,canada
alexandrudima,switzerland
jrieken,switzerland
jrieken,switzerland
ramya-rao-a,united states
cleidigh,united states
chirag64,india
mingyaaaa,blank field
mjbvz,blank field
michelkaporin,switzerland
cleidigh,united states
cleidigh,united states
cleidigh,united states
cleidigh,united states
Tyriar,united states
Tyriar,united states
rpjproost,blank field
bpasero,switzerland
roblourens,united states
threeve,united states
limorf,blank field
SebastianZaha,austria
bpasero,switzerland
mjbvz,blank field
mjbvz,blank field
joaomoreno,switzerland
markwpearce,blank field
Tyriar,united states
hoovercj,Undefined
mjbvz,blank field
timbanaveen,blank field
bpasero,switzerland
hoovercj,Undefined
lifez,thailand
hoovercj,Undefined
katainaka0503,blank field
ChristianAlexander,united states
diath,blank field
mjbvz,blank field
mjbvz,blank field
initialshl,singapore
joaomoreno,switzerland
mjbvz,blank field
Nais777,blank field
Tyriar,united states
jrieken,switzerland
timbanaveen,blank field
alexandrudima,switzerland
adyavanapalli,blank field
niroyb,blank field
fitomad,spain
landonepps,Undefined
Nashenas88,united states
Tyriar,united states
hoovercj,Undefined
chrmarti,blank field
Tyriar,united states
mjbvz,blank field
mjbvz,blank field
daanschipper,blank field
sandeepchads,blank field
katainaka0503,blank field
vp2177,united kingdom
vp2177,united kingdom
hoovercj,Undefined
misoguy,czechia
wimspaargaren,netherlands
capa1904,blank field
hoovercj,Undefined
rpjproost,blank field
bpasero,switzerland
rebornix,united states
chrmarti,blank field
chrmarti,blank field
joaomoreno,switzerland
joaomoreno,switzerland
wimspaargaren,netherlands
fzzr-,russia
fzzr-,russia
Tyriar,united states
katainaka0503,blank field
ddotlic,france
katainaka0503,blank field
aeschli,switzerland
aeschli,switzerland
Yuudaari,Undefined
mjbvz,blank field
magnushiie,estonia
jrieken,switzerland
mjbvz,blank field
misoguy,czechia
mjbvz,blank field
katainaka0503,blank field
mjbvz,blank field
jrieken,switzerland
misoguy,czechia
bpasero,switzerland
mjbvz,blank field
mjbvz,blank field
mjbvz,blank field
rebornix,united states
dmage,czechia
nonphoto,blank field
octref,Undefined
mjbvz,blank field
katainaka0503,blank field
nicksnyder,united states
Tyriar,united states
rebornix,united states
daviwil,united states
misoguy,czechia
michelkaporin,switzerland
ramya-rao-a,united states
mjbvz,blank field
hoovercj,Undefined
ivanz,united kingdom
michelkaporin,switzerland
michelkaporin,switzerland
aeschli,switzerland
nicksnyder,united states
michelkaporin,switzerland
mjbvz,blank field
michelkaporin,switzerland
mjbvz,blank field
alexandrudima,switzerland
flagello,blank field
flagello,blank field
michelkaporin,switzerland
fsateler,chile
michelkaporin,switzerland
michelkaporin,switzerland
kieferrm,united states
kieferrm,united states
kieferrm,united states
dan-silver,united states
rf-,united states
bpasero,switzerland
matheusrocha89,brazil
collinsnji,Undefined
Tyriar,united states
Tyriar,united states
jordanmkasla2009,canada
hun1ahpu,blank field
burakcan,bulgaria
DustinCampbell,united states
NAllred91,liberia
michelkaporin,switzerland
mjbvz,blank field
mjbvz,blank field
mjbvz,blank field
jrieken,switzerland
izhangzhihao,china
alexandrudima,switzerland
eamodio,Undefined
michelkaporin,switzerland
satokaz,blank field
mjbvz,blank field
rebornix,united states
michelkaporin,switzerland
Tyriar,united states
Tyriar,united states
mjbvz,blank field
rebornix,united states
jordanmkasla2009,canada
kushwahashiv,peru
mjbvz,blank field
mjbvz,blank field
chrmarti,blank field
mjbvz,blank field
nicksnyder,united states
ghost,Undefined
ramya-rao-a,united states
therealmarv,cyprus
rebornix,united states
mjbvz,blank field
mjbvz,blank field
mlewand,poland
hun1ahpu,blank field
tgjones,taiwan
mjbvz,blank field
mjbvz,blank field
chrmarti,blank field
mjbvz,blank field
mjbvz,blank field
mjbvz,blank field
mjbvz,blank field
chrmarti,blank field
bpasero,switzerland
Krzysztof-Cieslak,poland
chirag64,india
reaktivo,netherlands
bpasero,switzerland
Wyntau,china
bpasero,switzerland
Gama11,germany
bpasero,switzerland
mjbvz,blank field
chrmarti,blank field
mjbvz,blank field
rebornix,united states
drKnoxy,united states
ichiriac,france
pk-codebox-evo,india
mjbvz,blank field
roblourens,united states
rothfels,united states
paulmillr,Undefined
SeanHub,united kingdom
joaomoreno,switzerland
mjbvz,blank field
mjbvz,blank field
mjbvz,blank field
initialshl,singapore
Tyriar,united states
mjbvz,blank field
mjbvz,blank field
ramya-rao-a,united states
mjbvz,blank field
mjbvz,blank field
mjbvz,blank field
mjbvz,blank field
mjbvz,blank field
mjbvz,blank field
katainaka0503,blank field
mjbvz,blank field
mjbvz,blank field
KalitaAlexey,blank field
katainaka0503,blank field
LoudDavion,united states
JoshuaKGoldberg,united states
roblourens,united states
Gama11,germany
Tyriar,united states
roblourens,united states
charlespierce,blank field
Tyriar,united states
sandy081,switzerland
charlespierce,blank field
roblourens,united states
mjbvz,blank field
typicode,Undefined
katainaka0503,blank field
mjbvz,blank field
ramya-rao-a,united states
kieferrm,united states
mjbvz,blank field
chirag64,india
chirag64,india
bpasero,switzerland
mjbvz,blank field
mjbvz,blank field
mjbvz,blank field
mjbvz,blank field
mjbvz,blank field
richarddavenport,Undefined
ramya-rao-a,united states
kieferrm,united states
yassh,blank field
mjbvz,blank field
mjbvz,blank field
fbricon,canada
waderyan,united states
jrieken,switzerland
mousetraps,united states
mjbvz,blank field
rebornix,united states
chirag64,india
bpasero,switzerland
initialshl,singapore
mjbvz,blank field
rebornix,united states
mjbvz,blank field
mjbvz,blank field
mjbvz,blank field
mjbvz,blank field
charlespierce,blank field
mjbvz,blank field
mjbvz,blank field
jrieken,switzerland
ArtemGovorov,australia
chrmarti,blank field
mjbvz,blank field
mjbvz,blank field
mjbvz,blank field
rebornix,united states
bpasero,switzerland
drKnoxy,united states
weinand,switzerland
chrmarti,blank field
morags,blank field
initialshl,singapore
ramya-rao-a,united states
bpasero,switzerland
Tyriar,united states
ramya-rao-a,united states
bpasero,switzerland
ArtemGovorov,australia
Tyriar,united states
Tyriar,united states
hun1ahpu,blank field
gagangupt16,blank field
jchadwick,united states
mjbvz,blank field
roblourens,united states
mjbvz,blank field
mjbvz,blank field
jrieken,switzerland
bpasero,switzerland
bpasero,switzerland
jchadwick,united states
bpasero,switzerland
mjbvz,blank field
mjbvz,blank field
mjbvz,blank field
rebornix,united states
ramya-rao-a,united states
mjbvz,blank field
mjbvz,blank field
mjbvz,blank field
mjbvz,blank field
mjbvz,blank field
nojvek,united states
mjbvz,blank field
mjbvz,blank field
Tyriar,united states
jamiepg,blank field
jamiepg,blank field
hun1ahpu,blank field
Ikuyadeu,japan
Tyriar,united states
Frederick888,blank field
waderyan,united states
daB0bby,germany
orta,Undefined
mjbvz,blank field
mjbvz,blank field
hpcsc,singapore
mjbvz,blank field
mjbvz,blank field
waderyan,united states
mjbvz,blank field
sandy081,switzerland
henkmollema,netherlands
roblourens,united states
mjbvz,blank field
mjbvz,blank field
bpasero,switzerland
bpasero,switzerland
Tyriar,united states
mlewand,poland
alexandrudima,switzerland
mjbvz,blank field
mjbvz,blank field
isidorn,switzerland
robertohuertasm,spain
reaktivo,netherlands
mrdrogdrog,blank field
kideny,china
soncodi,blank field
geirsagberg,blank field
Jonatino,canada
fazouane-marouane,france
charlespierce,blank field
Krzysztof-Cieslak,poland
Krzysztof-Cieslak,poland
roblourens,united states
yajiex,blank field
rebornix,united states
mlewand,poland
jacob3141,Undefined
jmdowns2,blank field
rohmanhm,indonesia
JimiC,greece
SergeyLitvinov,Undefined
mjbvz,blank field
hun1ahpu,blank field
joelday,united states
jmdowns2,blank field
rogersachan,blank field
isidorn,switzerland
jrieken,switzerland
Krzysztof-Cieslak,poland
joshpeng,blank field
elegance,blank field
mjbvz,blank field
mjbvz,blank field
mjbvz,blank field
zyml,singapore
xwvvvvwx,blank field
bpasero,switzerland
hun1ahpu,blank field
rothfels,united states
hun1ahpu,blank field
Ikuyadeu,japan
bpasero,switzerland
Tyriar,united states
mjbvz,blank field
mjbvz,blank field
mjbvz,blank field
mjbvz,blank field
AlexanderEkdahl,canada
mjbvz,blank field
geirsagberg,blank field
aperezdc,Undefined
aperezdc,Undefined
mjbvz,blank field
mjbvz,blank field
Tyriar,united states
mjbvz,blank field
rebornix,united states
Tyriar,united states
Tyriar,united states
hun1ahpu,blank field
mjbvz,blank field
kideny,china
kideny,china
mjbvz,blank field
hun1ahpu,blank field
mjbvz,blank field
mjbvz,blank field
sandy081,switzerland
isidorn,switzerland
wprater,Undefined
kisstkondoros,blank field
ramya-rao-a,united states
joaomoreno,switzerland
ramya-rao-a,united states
mjbvz,blank field
mjbvz,blank field
Tyriar,united states
fbnlsr,france
ramya-rao-a,united states
ramya-rao-a,united states
Tyriar,united states
Tyriar,united states
mjbvz,blank field
mjbvz,blank field
mjbvz,blank field
mjbvz,blank field
chrisdias,united states
ryapapap,united states
mjbvz,blank field
mjbvz,blank field
mjbvz,blank field
xconverge,united states
rebornix,united states
kieferrm,united states
bgashler1,united states
mousetraps,united states
mousetraps,united states
mousetraps,united states
lostintangent,united states
CoenraadS,blank field
bpasero,switzerland
bpasero,switzerland
bpasero,switzerland
mjbvz,blank field
gregvanl,blank field
mjbvz,blank field
rebornix,united states
asyschikov,blank field
jrieken,switzerland
mjbvz,blank field
mjbvz,blank field
mjbvz,blank field
mjbvz,blank field
elemeht,blank field
mjbvz,blank field
roblourens,united states
Tyriar,united states
mjbvz,blank field
mjbvz,blank field
mjbvz,blank field
bpasero,switzerland
roblourens,united states
joaomoreno,switzerland
chrmarti,blank field
mjbvz,blank field
fearthecowboy,united states
bpasero,switzerland
jrieken,switzerland
bpasero,switzerland
bpasero,switzerland
1st1,canada
Tyriar,united states
mjbvz,blank field
rebornix,united states
mjbvz,blank field
mjbvz,blank field
mjbvz,blank field
mjbvz,blank field
aperezdc,Undefined
mjbvz,blank field
nojvek,united states
ramya-rao-a,united states
ypresto,japan
janzich,united states
isidorn,switzerland
scheakur,blank field
bayesrule,china
xadhoom,Undefined
isidorn,switzerland
mousetraps,united states
Treit,united states
jrieken,switzerland
kaiwood,Undefined
bpasero,switzerland
bpasero,switzerland
oliverpool,blank field
Tyriar,united states
mjbvz,blank field
mjbvz,blank field
mjbvz,blank field
rebornix,united states
Tyriar,united states
anantoghosh,blank field
joaomoreno,switzerland
bpasero,switzerland
mjbvz,blank field
rebornix,united states
ericlaw1979,united states
bpasero,switzerland
joaomoreno,switzerland
joaomoreno,switzerland
felixfbecker,germany
rebornix,united states
rebornix,united states
Tyriar,united states
Tyriar,united states
bpasero,switzerland
MisakiAkatsuki,japan
bpasero,switzerland
HookyQR,blank field
mjbvz,blank field
aozgaa,united states
mjbvz,blank field
Tyriar,united states
gagoman,germany
rebornix,united states
Tyriar,united states
perlun,Undefined
rebornix,united states
kaiwood,Undefined
kaiwood,Undefined
bpasero,switzerland
pk-codebox-evo,india
Spriithy,france
Tyriar,united states
Huachao,china
Tyriar,united states
itiut,japan
felixfbecker,germany
aniljava,blank field
lumpyzhu,Undefined
the-ress,czechia
felixfbecker,germany
tonythomson,united states
Tyriar,united states
KattMingMing,united states
trzecieu,sweden
bpasero,switzerland
Tyriar,united states
Huachao,china
mjbvz,blank field
mjbvz,blank field
mjbvz,blank field
mjbvz,blank field
felixfbecker,germany
polygotdev,canada
avances123,spain
bpasero,switzerland
olingern,japan
jrieken,switzerland
golf1052,united states
GreenJoey,india
Huachao,china
chrmarti,blank field
ramya-rao-a,united states
bpasero,switzerland
jez9999,blank field
kisstkondoros,blank field
bpasero,switzerland
isidorn,switzerland
AkashGutha,pakistan
ChristianAlexander,united states
roblourens,united states
bpasero,switzerland
Huddo121,australia
whitekid,Undefined
elemongw,greece
Ikuyadeu,japan
jez9999,blank field
isidorn,switzerland
mjbvz,blank field
mjbvz,blank field
faustinoaq,panama
mjbvz,blank field
mjbvz,blank field
bgashler1,united states
isidorn,switzerland
Swiiip,blank field
dbrook2007,blank field
mbana,united kingdom
octref,Undefined
Tyriar,united states
octref,Undefined
bpasero,switzerland
cliffkoh,blank field
octref,Undefined
MikeChou,china
renfredxh,united states
kieferrm,united states
Huddo121,australia
gregvanl,blank field
Hirse,canada
wprater,Undefined
Ikuyadeu,japan
wprater,Undefined
wprater,Undefined
JoolsMcFly,blank field
aeschli,switzerland
bpasero,switzerland
jrieken,switzerland
Ikuyadeu,japan
jchadwick,united states
jchadwick,united states
daserge,blank field
claudioc,germany
bpasero,switzerland
ChristianAlexander,united states
f111fei,blank field
ChristianAlexander,united states
jrieken,switzerland
kaiwood,Undefined
octref,Undefined
kakaruna,blank field
Tyriar,united states
mathiasvr,denmark
The-Smallest,Undefined
waderyan,united states
jrieken,switzerland
leaxoy,china
spywhere,thailand
leaxoy,china
leaxoy,china
Ikuyadeu,japan
joequant,hong kong
jrieken,switzerland
joaomoreno,switzerland
rmunn,blank field
chrmarti,blank field
chrmarti,blank field
eamodio,Undefined
inspiredjw,united states
the-ress,czechia
Krzysztof-Cieslak,poland
joaomoreno,switzerland
jrieken,switzerland
XVincentX,spain
chrmarti,blank field
bpasero,switzerland
Tyriar,united states
michaelchiche,france
tomoki1207,blank field
greams,blank field
heycalmdown,"""korea"
chrmarti,blank field
carmocca,venezuela
bpasero,switzerland
mjbvz,blank field
waderyan,united states
chrmarti,blank field
chrmarti,blank field
kieferrm,united states
mjbvz,blank field
kieferrm,united states
mjbvz,blank field
mrmlnc,Undefined
bpasero,switzerland
samvrlewis,australia
bgashler1,united states
mjbvz,blank field
orta,Undefined
Krzysztof-Cieslak,poland
Krzysztof-Cieslak,poland
Krzysztof-Cieslak,poland
Dunemaster,blank field
isidorn,switzerland
gregvanl,blank field
ted-piotrowski,blank field
samelhusseini,united states
mjbvz,blank field
mjbvz,blank field
XVincentX,spain
jrieken,switzerland
effleurager,blank field
mjbvz,blank field
Tyriar,united states
jrieken,switzerland
mrmlnc,Undefined
orta,Undefined
mjbvz,blank field
mjbvz,blank field
jrieken,switzerland
roblourens,united states
mjbvz,blank field
mjbvz,blank field
mjbvz,blank field
mjbvz,blank field
Huachao,china
bpasero,switzerland
kaloyan-raev,bulgaria
uxitten,iran
barakd,blank field
wbsdty331,china
Tyriar,united states
tomoki1207,blank field
Romanito,france
ArtemGovorov,australia
alfanick,germany
aeschli,switzerland
XVincentX,spain
mrmlnc,Undefined
PunchyRascal,czechia
chrmarti,blank field
mjbvz,blank field
mjbvz,blank field
octref,Undefined
Tyriar,united states
Romanito,france
Tyriar,united states
mrmlnc,Undefined
mrmlnc,Undefined
mrmlnc,Undefined
xaverh,germany
rafaelstz,Undefined
rafaelstz,Undefined
Tyriar,united states
octref,Undefined
nDmitry,russia
Tyriar,united states
heycalmdown,"""korea"
octref,Undefined
octref,Undefined
aeschli,switzerland
aeschli,switzerland
jrieken,switzerland
pauloppenheim,Undefined
heycalmdown,"""korea"
heycalmdown,"""korea"
nholthaus,united states
joaomoreno,switzerland
bpasero,switzerland
Tyriar,united states
Tyriar,united states
smarr,new zealand
bpasero,switzerland
Ikuyadeu,japan
bgashler1,united states
octref,Undefined
sandyarmstrong,united states
djrenren,blank field
sandyarmstrong,united states
chrmarti,blank field
DonJayamanne,blank field
artagnon,blank field
joaomoreno,switzerland
bpasero,switzerland
ghost,Undefined
ghost,Undefined
sandy081,switzerland
skl131313,Undefined
skl131313,Undefined
skl131313,Undefined
skl131313,Undefined
rafaelstz,Undefined
eklavyamirani,united states
ornithocoder,germany
chrmarti,blank field
mrmlnc,Undefined
mrmlnc,Undefined
mrmlnc,Undefined
Tyriar,united states
roblourens,united states
hashhar,india
ramamurthynagaraj,blank field
bgashler1,united states
sleepyfoxen,blank field
douglaseccker,Undefined
natenovielli,united states
paveldk,bulgaria
DonJayamanne,blank field
ramamurthynagaraj,blank field
ramamurthynagaraj,blank field
pixieaka,blank field
Tyriar,united states
ramamurthynagaraj,blank field
kaloyan-raev,bulgaria
DonJayamanne,blank field
cmrigney,united states
waderyan,united states
waderyan,united states
jrieken,switzerland
gontadu,south africa
waderyan,united states
Tyriar,united states
bpasero,switzerland
ramamurthynagaraj,blank field
bpasero,switzerland
AkashGutha,pakistan
ramamurthynagaraj,blank field
KingHenne,germany
AldoMX,mexico
pmkary,blank field
alexandrudima,switzerland
FabianLauer,luxembourg
FabianLauer,luxembourg
f111fei,blank field
pmkary,blank field
bpasero,switzerland
gontadu,south africa
gontadu,south africa
johnfn,united states
Tyriar,united states
jrieken,switzerland
sandyarmstrong,united states
bpasero,switzerland
cloudRoutine,united states
cloudRoutine,united states
mscodebum,united states
sandyarmstrong,united states
aarondandy,Undefined
chrmarti,blank field
aarondandy,Undefined
Huachao,china
jrieken,switzerland
jrieken,switzerland
jrieken,switzerland
tomoki1207,blank field
Meai1,blank field
scottaddie,united states
f111fei,blank field
daviwil,united states
rajkumar42,united states
rengokantai,Undefined
ghost,Undefined
nojvek,united states
bgashler1,united states
chrmarti,blank field
hjmallon,united kingdom
daviwil,united states
chrmarti,blank field
bgashler1,united states
aminroosta,Undefined
chrmarti,blank field
aeschli,switzerland
jrieken,switzerland
chrmarti,blank field
bradymholt,united states
sandy081,switzerland
formulahendry,china
pmkary,blank field
jsloyer,blank field
formulahendry,china
gontadu,south africa
Tyriar,united states
Tyriar,united states
ChristianAlexander,united states
Tyriar,united states
chrmarti,blank field
Tyriar,united states
lupino3,ireland
DonJayamanne,blank field
sandy081,switzerland
baltth,blank field
aeschli,switzerland
bpasero,switzerland
eamodio,Undefined
chrmarti,blank field
ghost,Undefined
TanukiSharp,blank field
bpasero,switzerland
f111fei,blank field
salzhrani,saudi arabia
jrieken,switzerland
be5invis,china
gontadu,south africa
bpasero,switzerland
iclanzan,blank field
mrmlnc,Undefined
adstep,blank field
chrmarti,blank field
ghost,Undefined
Xstoudi,switzerland
f111fei,blank field
f111fei,blank field
chrmarti,blank field
Tyriar,united states
chrmarti,blank field
kisstkondoros,blank field
kisstkondoros,blank field
Tyriar,united states
bgashler1,united states
chrmarti,blank field
f111fei,blank field
f111fei,blank field
DonJayamanne,blank field
chrmarti,blank field
f111fei,blank field
bpasero,switzerland
gkalpak,greece
kisstkondoros,blank field
yisibl,china
bpasero,switzerland
dhollinger,united states
bgashler1,united states
mrmlnc,Undefined
Tyriar,united states
DonJayamanne,blank field
mrmlnc,Undefined
mrmlnc,Undefined
mrmlnc,Undefined
kisstkondoros,blank field
kisstkondoros,blank field
kisstkondoros,blank field
DonJayamanne,blank field
mrmlnc,Undefined
bgashler1,united states
bgashler1,united states
emiljas,blank field
gontadu,south africa
mrmlnc,Undefined
kisstkondoros,blank field
Tyriar,united states
shahmirn,united states
jrieken,switzerland
emiljas,blank field
gontadu,south africa
paulvanbrenk,united states
alrra,blank field
ph1ll,blank field
narma,Undefined
mathias-hansen,Undefined
mrmlnc,Undefined
csvn,Undefined
basarat,australia
mrmlnc,Undefined
rebornix,united states
emiljas,blank field
gkalpak,greece
basarat,australia
urbandove,blank field
bpasero,switzerland
f111fei,blank field
cbreeden,blank field
roblourens,united states
Tyriar,united states
jrieken,switzerland
kieferrm,united states
f111fei,blank field
cbreeden,blank field
trstringer,united states
robspassky,blank field
f111fei,blank field
aeschli,switzerland
kisstkondoros,blank field
kisstkondoros,blank field
kisstkondoros,blank field
elemongw,greece
bpasero,switzerland
gravejester,norway
Tyriar,united states
Tyriar,united states
gontadu,south africa
sijad,Undefined
Ikuyadeu,japan
edumunoz,united states
edumunoz,united states
astitcher,blank field
jhasse,germany
elemongw,greece
Huachao,china
Tyriar,united states
kisstkondoros,blank field
f111fei,blank field
edumunoz,united states
bpasero,switzerland
aeschli,switzerland
featherJ,china
codepo8,germany
joaomoreno,switzerland
jrieken,switzerland
hashhar,india
rebornix,united states
jamesqo,united states
kisstkondoros,blank field
kisstkondoros,blank field
kisstkondoros,blank field
kisstkondoros,blank field
Tyriar,united states
kisstkondoros,blank field
alexandrudima,switzerland
dbaeumer,switzerland
Merott,united kingdom
tht13,norway
rebornix,united states
kisstkondoros,blank field
Tyriar,united states
juanfra684,spain
kisstkondoros,blank field
marvinhagemeister,blank field
grazies,Undefined
Ikuyadeu,japan
Tyriar,united states
fusion809,blank field
sandy081,switzerland
huangenyan,hong kong
kisstkondoros,blank field
lance,united states
sandy081,switzerland
Tyriar,united states
CryZe,germany
sandy081,switzerland
rebornix,united states
niceb5y,Undefined
archer884,united states
Tyriar,united states
CryZe,germany
aeschli,switzerland
Ikuyadeu,japan
Ikuyadeu,japan
bpasero,switzerland
Ikuyadeu,japan
sijad,Undefined
jsloyer,blank field
Ikuyadeu,japan
jrieken,switzerland
Ikuyadeu,japan
bpasero,switzerland
bpasero,switzerland
alexandrudima,switzerland
rebornix,united states
f111fei,blank field
f111fei,blank field
jrieken,switzerland
bpasero,switzerland
otgerrogla,blank field
jsloyer,blank field
umpox,united kingdom
Ikuyadeu,japan
joaomoreno,switzerland
Ikuyadeu,japan
mquandalle,france
dbillingham,blank field
Inori,blank field
aioutecism,japan
joaomoreno,switzerland
SamVerschueren,Undefined
ioklo,blank field
SamVerschueren,Undefined
Tyriar,united states
Tyriar,united states
jrieken,switzerland
Ikuyadeu,japan
outcoldman,united states
liunian,china
rebornix,united states
joaomoreno,switzerland
dbaeumer,switzerland
jrieken,switzerland
Ikuyadeu,japan
bpasero,switzerland
outcoldman,united states
outcoldman,united states
hanxiaomax,Undefined
differentmatt,united states
bpasero,switzerland
outcoldman,united states
nadako,germany
bshokeen,blank field
bpasero,switzerland
PhilHannent,Undefined
xhacker,china
sifue,japan
hungys,taiwan
henkmollema,netherlands
eyalsk,israel
golf1052,united states
f111fei,blank field
Ikuyadeu,japan
f111fei,blank field
f111fei,blank field
Ikuyadeu,japan
pjmeyer,blank field
d4rkr00t,blank field
vedanshujain,Undefined
eklavyamirani,united states
ironcladlou,united states
Tyriar,united states
jrieken,switzerland
Lambdac0re,Undefined
joaomoreno,switzerland
joaomoreno,switzerland
rbinsztock,france
jrieken,switzerland
aioutecism,japan
bgse,germany
xaverh,germany
bpasero,switzerland
asotog,blank field
bpasero,switzerland
jrieken,switzerland
joaomoreno,switzerland
kf6nux,united states
be5invis,china
eshizhan,china
saml,united states
alexandrudima,switzerland
bpasero,switzerland
bpasero,switzerland
Reanmachine,blank field
mquandalle,france
JonathanMEdwards,blank field
jrieken,switzerland
bpasero,switzerland
dbaeumer,switzerland
jrieken,switzerland
dbaeumer,switzerland
cmllr,Undefined
SofianHn,united states
dbaeumer,switzerland
dbaeumer,switzerland
aeschli,switzerland
bpasero,switzerland
con-ssc,blank field
jrieken,switzerland
con-ssc,blank field
jamesqo,united states
mahmoudymy,egypt
bpasero,switzerland
jamesqo,united states
jamesqo,united states
bgashler1,united states
aeschli,switzerland
chrisdias,united states
bgashler1,united states
Hywan,Undefined
Hywan,Undefined
f111fei,blank field
golf1052,united states
pflannery,united kingdom
Tyriar,united states
SofianHn,united states
edumunoz,united states
joaomoreno,switzerland
SofianHn,united states
kumarharsh,india
kumarharsh,india
kumarharsh,india
kumarharsh,india
nwin,blank field
guillaumejenkins,blank field
lukehoban,united states
m-garg,india
bpasero,switzerland
guillaumejenkins,blank field
phillipj,norway
pieandcakes,united states
phillipj,norway
phillipj,norway
tht13,norway
Tyriar,united states
Tyriar,united states
Tyriar,united states
Tyriar,united states
pflannery,united kingdom
markymouse,Undefined
bgashler1,united states
dersia,blank field
dersia,blank field
pflannery,united kingdom
killercup,germany
alexaubry,germany
bgashler1,united states
waderyan,united states
Tyriar,united states
roblourens,united states
stkb,blank field
weinand,switzerland
egamma,switzerland
stkb,blank field
tht13,norway
jamesqo,united states
xNUTs,blank field
f111fei,blank field
isidorn,switzerland
alexandrudima,switzerland
kasecato,japan
bpasero,switzerland
joaomoreno,switzerland
waderyan,united states
jrieken,switzerland
Tyriar,united states
aeschli,switzerland
bpasero,switzerland
jrieken,switzerland
waderyan,united states
Tyriar,united states
SofianHn,united states
egamma,switzerland
friedemannsommer,germany
bpasero,switzerland
isidorn,switzerland
chrisbenti,united states
SofianHn,united states
ajkerrigan,blank field
f111fei,blank field
jrieken,switzerland
jrieken,switzerland
jrieken,switzerland
bpasero,switzerland
jkrems,united states
roblourens,united states
waderyan,united states
isidorn,switzerland
egamma,switzerland
jrieken,switzerland
tushortz,Undefined
jrieken,switzerland
jrieken,switzerland
chrisdias,united states
malekpour,united states
YuichiNukiyama,japan
jrieken,switzerland
bpasero,switzerland
waderyan,united states
sijad,Undefined
basarat,australia
bpasero,switzerland
dpodder,united states
isidorn,switzerland
sdenel,Undefined
ivanixgames,blank field
ivanixgames,blank field
roblourens,united states
sdenel,Undefined
bpasero,switzerland
markrendle,Undefined
Tyriar,united states
ristomatti,finland
bgse,germany
mattblagden,canada
Bigous,brazil
jrieken,switzerland
xaverh,germany
HammyHavoc,canada
iamchenxin,blank field
takumif,blank field
bpasero,switzerland
joaomoreno,switzerland
bmustiata,blank field
dstorey,united states
dstorey,united states
mohsen1,united states
aeschli,switzerland
resir014,indonesia
jrieken,switzerland
jrieken,switzerland
jrieken,switzerland
isidorn,switzerland
hashhar,india
bpasero,switzerland
jrieken,switzerland
Tyriar,united states
rstat1,blank field
evalphobia,japan
dmitsuki,blank field
joaomoreno,switzerland
start,united states
EgorMatirov,russia
bpasero,switzerland
spellizzari,blank field
kschiu,Undefined
jrieken,switzerland
alexandrudima,switzerland
resir014,indonesia
takumif,blank field
scottaddie,united states
Tyriar,united states
MattiasPernhult,blank field
isidorn,switzerland
MattTalbot,united states
felixrieseberg,united states
jrieken,switzerland
bpasero,switzerland
thomasmichaelwallace,Undefined
bpasero,switzerland
DickvdBrink,blank field
DickvdBrink,blank field
joaomoreno,switzerland
Tyriar,united states
Tyriar,united states
74th,japan
isidorn,switzerland
resir014,indonesia
krizzdewizz,switzerland
jrieken,switzerland
bae-unidev,Undefined
Tyriar,united states
f111fei,blank field
joaomoreno,switzerland
joaomoreno,switzerland
okian,blank field
bpasero,switzerland
jrieken,switzerland
mattddowney,united states
xiaoyuxie,blank field
gluck,france
gluck,france
jrieken,switzerland
jrieken,switzerland
bpasero,switzerland
waywardmonkeys,blank field
waywardmonkeys,blank field
waywardmonkeys,blank field
akamud,brazil
bpasero,switzerland
aasierra,blank field
Protectator,switzerland
joaomoreno,switzerland
joaomoreno,switzerland
Protectator,switzerland
joaomoreno,switzerland
dstorey,united states
Jaykul,united kingdom
dstorey,united states
jel-massih,united states
pborreli,morocco
claudioc,germany
dstorey,united states
jel-massih,united states
kheiakiyama,Undefined
KindDragon,russia
jepessen,italy
Jakeii,united kingdom
jel-massih,united states
njcpn2,blank field
jel-massih,united states
lucaslra,Undefined
jel-massih,united states
Tyriar,united states
jrieken,switzerland
joaomoreno,switzerland
felixrieseberg,united states
hoovercj,Undefined
jrieken,switzerland
mr21,france
Tyriar,united states
Tyriar,united states
Tyriar,united states
dstorey,united states
dstorey,united states
dstorey,united states
mliese,blank field
daviwil,united states
thewhitetulip,Undefined
joaomoreno,switzerland
lucaslra,Undefined
W4RH4WK,austria
punker76,Undefined
zhengqm,china
weinand,switzerland
Enet4,portugal
lucaslra,Undefined
joeskeen,united states
shadowfacts,Undefined
mogemimi,blank field