zhangenming,blank field
jaeseokk,blank field
mingmingwon,china
jasonandjay,Undefined
ZYSzys,china
Justineo,china
clarkdo,ireland
nickhall,blank field
andrew-humu,blank field
skyline0705,blank field
heyas,russia
mbrobbel,blank field
ALEXKINGS,blank field
HerringtonDarkholme,Undefined
FumioNonaka,blank field
therealpecus,italy
dejour,china
sqal,blank field
sinshutu,Undefined
frontalnh,"""korea"
KaelWD,australia
Justineo,china
jindasong,china
imyzf,china
cybermerlin,blank field
KaelWD,australia
ggtmtmgg,united states
clarkdo,ireland
mynameisliyi,blank field
subu28,india
HusamIbrahim,blank field
Imperat,russia
hellovue2017,blank field
armano2,belgium
jamesgeorge007,Undefined
jamesgeorge007,Undefined
open-source-explorer,blank field
jamesgeorge007,Undefined
ysj16,blank field
mitar,blank field
sqal,blank field
saraedum,blank field
cmpt376Kor,blank field
fjc0k,china
fluorine,Undefined
anymost,Undefined
Akryum,france
tmorehouse,canada
Developerayo,nigeria
hugoazevedosoares,blank field
ruojianll,blank field
vyshakpadinjarote,blank field
ivansieder,Undefined
Stexxe,blank field
KaelWD,australia
javoski,united states
denisx,blank field
chiaweilee,Undefined
vikr01,Undefined
thenickname,blank field
ktsn,singapore
laden666666,blank field
ManoelLobo,brazil
caozhong1996,china
omarkdev,brazil
philson-philip,Undefined
spencer1573,blank field
DanielSanRocha,brazil
KaelWD,australia
Justineo,china
imanhodjaev,germany
Justineo,china
nbaulesglobalsolutions,philippines
kaorun343,japan
rhengles,brazil
Hoishin,japan
JJJYY,blank field
mattlavallee,Undefined
HcySunYang,china
fnlctrl,Undefined
yangdan8,blank field
Shyam-Chen,Undefined
ypresto,japan
eltonchan,Undefined
eltonchan,Undefined
Justineo,china
eddyerburgh,united kingdom
nel215,blank field
yangdan8,blank field
petsgre,Undefined
TitanSnow,blank field
youngrok,"""korea"
bowen31337,australia
Justineo,china
munepom,blank field
d-pollard,united states
KaelWD,australia
posva,france
william-pan,blank field
clarkdo,ireland
AlexMaguey,mexico
st-sloth,blank field
posva,france
sodatea,china
clarkdo,ireland
clarkdo,ireland
lzxb,china
znck,india
afontcu,Undefined
wildan2711,indonesia
JJJYY,blank field
poch345,thailand
liximomo,china
fnlctrl,Undefined
handipriyono,indonesia
ktsn,singapore
xyzingh,china
cos,united states
sagirk,Undefined
sqal,blank field
msrahman07,blank field
jing-c,blank field
phablulo,blank field
linjiajian999,Undefined
HcySunYang,china
wangnan0610,Undefined
piascikj,united states
yaoqifa,blank field
poch345,thailand
sodatea,china
TimurKiyivinski,malaysia
sodatea,china
sodatea,china
wqzwh,Undefined
xiongzixiao,china
enkot,ukraine
poch345,thailand
sodatea,china
sodatea,china
verstoff,russia
Globegitter,germany
yywc,china
xiongzixiao,china
tonyraoul,blank field
tonyraoul,blank field
HcySunYang,china
freedomcly,china
ClickerMonkey,united states
liximomo,china
slichlyter12,united states
shortdiv,united states
tmsh,united states
hirokiosame,japan
industral,ukraine
katallaxie,germany
mpbarlow,Undefined
acccco,blank field
eddyerburgh,united kingdom
yongningfu,blank field
KaelWD,australia
mathieutu,france
posva,france
posva,france
TUARAN,china
zevdg,united states
Raikozyz,china
mymyoux,france
HerringtonDarkholme,Undefined
noteScript,china
banxi1988,china
kball,blank field
donggyu04,blank field
ghost,Undefined
javoski,united states
xudaashuai,blank field
TheLarkInn,united states
championswimmer,india
championswimmer,india
gavrashenko,ukraine
zhouxiongking,blank field
lusarz,poland
lusarz,poland
lusarz,poland
posva,france
utatti,japan
yringler,blank field
sodatea,china
gebilaoxiong,china
astronomersiva,india
fenduru,blank field
KaelWD,australia
levi1994,blank field
mapleeit,china
jonkofee,ukraine
lyhper,china
lyhper,china
ccz-Eric,blank field
HcySunYang,china
sodatea,china
cobafan,blank field
yassipad,france
gtobio11,blank field
derushio,blank field
chenym1992,blank field
jwc1,blank field
8uurg,blank field
posva,france
TimSpeelman,blank field
klarkc,brazil
nickname-sb,blank field
imyzf,china
w3cj,united states
wangyi7099,Undefined
hirokiosame,japan
ktsn,singapore
Relucent,china
vctt94,blank field
clarkdo,ireland
Relucent,china
matheusazzi,brazil
yuriyalekseyev,Undefined
dcherman,blank field
HcySunYang,china
RyanCavanaugh,united states
luisatmaniak,blank field
Uzere,blank field
pi0,Undefined
pkaminski,blank field
zapashcanon,france
yyx990803,Undefined
yyx990803,Undefined
yyx990803,Undefined
hirokiosame,japan
pkaminski,blank field
jinzhubaofu,china
jkzing,china
jkzing,china
HerringtonDarkholme,Undefined
jkzing,china
chrisvfritz,united states
g-plane,Undefined
yyx990803,Undefined
HcySunYang,china
Gcaufy,blank field
LarsStegman,Undefined
schipiga,estonia
posva,france
Leocardoso94,brazil
HerringtonDarkholme,Undefined
cheapsteak,canada
imbozhang,blank field
LarsStegman,Undefined
ktsn,singapore
STUkh,ukraine
ghost,Undefined
ghost,Undefined
ghost,Undefined
dennisgarrn,switzerland
HerringtonDarkholme,Undefined
ghost,Undefined
t0mburton,Undefined
posva,france
sis0k0,bulgaria
posva,france
ktsn,singapore
ktsn,singapore
yaodingyd,united states
wangyi7099,Undefined
Hanks10100,blank field
commonstarling,united states
cerlestes,blank field
g-plane,Undefined
javoski,united states
ktsn,singapore
ArStah,blank field
dear-lizhihua,Undefined
william-pan,blank field
posva,france
Hanks10100,blank field
blake-newman,Undefined
blake-newman,Undefined
posva,france
efueger,blank field
HcySunYang,china
dmitry-vakhnenko,blank field
CarterLi,china
chiaweilee,Undefined
hirokiosame,japan
Platonn,blank field
ismailarilik,Undefined
Platonn,blank field
dmitry-vakhnenko,blank field
clarkdo,ireland
fxxkscript,blank field
shay1989,blank field
Justineo,china
Akryum,france
rigor789,blank field
AndyStabler,united kingdom
Hanks10100,blank field
HerringtonDarkholme,Undefined
LeuisKen,china
jkzing,china
lopugit,australia
edwinychu,united states
shameleo,blank field
javoski,united states
kyouko2017,blank field
Kingwl,china
Hanks10100,blank field
romansp,belarus
toBeTheLight,blank field
erasermeng,Undefined
xdamman,Undefined
HcySunYang,china
DeyLak,blank field
Hanks10100,blank field
ktsn,singapore
QingWei-Li,china
Kingwl,china
Hanks10100,blank field
HerringtonDarkholme,Undefined
rigor789,blank field
toBeTheLight,blank field
Hanks10100,blank field
lzxb,china
felixbuenemann,germany
Hanks10100,blank field
imyzf,china
icese7en,china
icese7en,china
icese7en,china
gebilaoxiong,china
Alex-Sokolov,russia
wangyi7099,Undefined
Akryum,france
lyh2668,blank field
Hanks10100,blank field
nicholaslee119,japan
jacekkarczmarczyk,blank field
lzxb,china
Hanks10100,blank field
wanyaxing,china
HerringtonDarkholme,Undefined
wadetandy,united states
ktsn,singapore
gzzhanghao,blank field
Zzzen,blank field
jkzing,china
Hanks10100,blank field
rbrtmrtn,united states
yyx990803,Undefined
Hanks10100,blank field
ssshooter,Undefined
sleewoo,blank field
posva,france
guieiras,brazil
mniya,Undefined
nuoyz,blank field
neelance,germany
IsMrWu,blank field
kavanLi,china
davidnuescheler,united states
rpemberton,united kingdom
Hanks10100,blank field
Hanks10100,blank field
pranayaryal,united states
pranayaryal,united states
Hanks10100,blank field
neelance,germany
ktsn,singapore
gitWhatever,blank field
dsonet,china
Hanks10100,blank field
cuteyumiko,china
kshitizrimal,blank field
xdamman,Undefined
PanJiaChen,china
misoguy,czechia
gebilaoxiong,china
madskonradsen,denmark
Hanks10100,blank field
cuteyumiko,china
alexandru-paduraru,romania
lizhiyao,Undefined
eschalks,blank field
fenduru,blank field
Hanks10100,blank field
cxtom,china
my9074,blank field
gebilaoxiong,china
cuteyumiko,china
cuteyumiko,china
Hanks10100,blank field
shiweijie122,blank field
HerringtonDarkholme,Undefined
imyzf,china
cosimochellini,Undefined
HerringtonDarkholme,Undefined
ferdaber,united states
jkzing,china
jkzing,china
HcySunYang,china
Dafrok,blank field
HerringtonDarkholme,Undefined
posva,france
jkzing,china
HcySunYang,china
JounQin,china
clarkdo,ireland
Samuell1,Undefined
raymondmuller,spain
Kingwl,china
markbrouch,united states
Kingwl,china
luoyt,blank field
lipis,Undefined
chriscasola,blank field
ubershmekel,united states
alexeden,Undefined
JiujiangYuzhiwei,blank field
chriscasola,blank field
jamOne-,poland
kutyel,spain
chriscasola,blank field
eddyerburgh,united kingdom
rubys,blank field
meyt,iran
pl2476,china
javoski,united states
clarkdo,ireland
chriscasola,blank field
callumacrae,united kingdom
dak,blank field
phanan,germany
SheetJSDev,united states
defcc,china
wojtask9,blank field
loatheb,china
serima,japan
kazupon,Undefined
Hanks10100,blank field
ulivz,china
Hanks10100,blank field
LukasDrgon,blank field
defcc,china
kazupon,Undefined
kcak11,pakistan
clarkdo,ireland
clarkdo,ireland
clarkdo,ireland
samayo,switzerland
ulivz,china
ulivz,china
xdamman,Undefined
ulivz,china
vuchl,germany
clarkdo,ireland
riophae,china
jsoref,canada
piperchester,united states
ktsn,singapore
JounQin,china
palashmon,blank field
zhiyan,china
javoski,united states
kazupon,Undefined
fisker,china
dreamzhu,blank field
dsonet,china
JounQin,china
jkzing,china
fenduru,blank field
cwang22,blank field
javoski,united states
zxc0328,china
hccde,china
mingmingwon,china
HerringtonDarkholme,Undefined
javoski,united states
Hanks10100,blank field
djshitcoin,japan
jkzing,china
sunyatasattva,blank field
HerringtonDarkholme,Undefined
whxaxes,china
yepbug,Undefined
Elevista,blank field
nickmessing,moldova
mingmingwon,china
nickmessing,moldova
chrisvfritz,united states
ktsn,singapore
pdanpdan,romania
strandjun,blank field
yanceyou,china
shengxinjing,china
sliwey,china
superwf,Undefined
javoski,united states
nickmessing,moldova
Hanks10100,blank field
nickmessing,moldova
jkzing,china
gebilaoxiong,china
alfa-jpn,japan
Hanks10100,blank field
jkzing,china
nickmessing,moldova
javoski,united states
gebilaoxiong,china
posva,france
javoski,united states
gui-rangel,blank field
jkzing,china
chrisvfritz,united states
eddyerburgh,united kingdom
KELiON,russia
Kingwl,china
Hanks10100,blank field
heug,united states
javoski,united states
Hanks10100,blank field
znck,india
defcc,china
Kingwl,china
ai,united states
yozman,blank field
Richard-zhang,Undefined
coolzjy,china
ThomasLandauer,austria
javoski,united states
javoski,united states
drewsmith,united states
HerringtonDarkholme,Undefined
Kingwl,china
blake-newman,Undefined
jkzing,china
nickmessing,moldova
javoski,united states
javoski,united states
MopTym,Undefined
superwf,Undefined
AngryBigCat,china
jkzing,china
Kingwl,china
jdaltonchilders,united states
Kingwl,china
JoinsG,blank field
ThomasLandauer,austria
jkzing,china
lyhper,china
ghost,Undefined
Kingwl,china
gebilaoxiong,china
Peter-WF,china
DanielRosenwasser,united states
LukeeeeBennett,united kingdom
rainfore,china
gebilaoxiong,china
dvdckl,blank field
gebilaoxiong,china
jkzing,china
lzxb,china
lzxb,china
coolzjy,china
Kingwl,china
coolzjy,china
javoski,united states
gebilaoxiong,china
luciy,china
ximet,blank field
RyanLiu0235,china
ktsn,singapore
jkzing,china
rencaixia-ss,blank field
lucky-lhf,blank field
javoski,united states
BrianDGLS,blank field
aladdin-add,china
chrisnicola,canada
Atinux,france
lzxb,china
carlisliu,china
Shyam-Chen,Undefined
lonelyclick,china
lonelyclick,china
Atinux,france
maciej-ka,Undefined
timbenniks,france
gebilaoxiong,china
sabakugaara,china
zyml,singapore
strantr,blank field
javoski,united states
maciej-ka,Undefined
defcc,china
pengchongfu,blank field
gebilaoxiong,china
defcc,china
pengchongfu,blank field
lzxb,china
gebilaoxiong,china
HerringtonDarkholme,Undefined
maggiehe,Undefined
posva,france
mini-eggs,russia
maggiehe,Undefined
lonelyclick,china
kazupon,Undefined
HerringtonDarkholme,Undefined
pi0,Undefined
gebilaoxiong,china
nickmessing,moldova
mjhd-devlion,japan
Async0x42,canada
alextes,netherlands
posva,france
gebilaoxiong,china
fnlctrl,Undefined
gxlmyacc,blank field
ktsn,singapore
ralphite,Undefined
tony-luisi,new zealand
schoonc,blank field
posva,france
Kingwl,china
zhanghaichao4474,blank field
posva,france
romoo,china
gebilaoxiong,china
javoski,united states
rstoenescu,romania
TilakMaddy,Undefined
miguelsolano,united states
gebilaoxiong,china
dsonet,china
kmc059000,Undefined
ktsn,singapore
rayrutjes,france
znck,india
Kingwl,china
Kingwl,china
defcc,china
pkaminski,blank field
JxJayden,china
keepgoingwm,blank field
znck,india
Kingwl,china
javoski,united states
CodinCat,taiwan
Kingwl,china
javoski,united states
HerringtonDarkholme,Undefined
finntl,blank field
javoski,united states
Kingwl,china
javoski,united states
romoo,china
Kingwl,china
mingmingwon,china
bzmw,canada
JxJayden,china
chrisvfritz,united states
S-YOU,japan
S-YOU,japan
S-YOU,japan
S-YOU,japan
S-YOU,japan
S-YOU,japan
S-YOU,japan
S-YOU,japan
S-YOU,japan
sqal,blank field
S-YOU,japan
rayrutjes,france
caioincau,Undefined
gebilaoxiong,china
S-YOU,japan
Kingwl,china
sandersn,united states
schtr4jh,slovenia
potato4d,japan
bzmw,canada
Hanks10100,blank field
kazupon,Undefined
Hanks10100,blank field
jingsam,china
znck,india
KingMario,china
kazupon,Undefined
kazupon,Undefined
javoski,united states
yyx990803,Undefined
andyklimczak,Undefined
Alex-Sokolov,russia
kazupon,Undefined
wangyateng,blank field
javoski,united states
fnlctrl,Undefined
sffc,blank field
andreiglingeanu,moldova
Hanks10100,blank field
andreiglingeanu,moldova
rohmanhm,indonesia
chriscasola,blank field
shreeve,blank field
shreeve,blank field
kazupon,Undefined
v-stein,france
javoski,united states
Kingwl,china
HerringtonDarkholme,Undefined
zephraph,united states
zephraph,united states
Kingwl,china
posva,france
posva,france
smolinari,germany
Kingwl,china
Kingwl,china
Kingwl,china
asheb,blank field
HerringtonDarkholme,Undefined
phanan,germany
Kingwl,china
hashplus,Undefined
Kingwl,china
posva,france
Akryum,france
yantene,Undefined
kazupon,Undefined
rixlabs,Undefined
adamawang,united states
znck,india
jddxf,blank field
phanan,germany
defcc,china
defcc,china
dhcmrlchtdj,blank field
Hanks10100,blank field
Hanks10100,blank field
coisnepe,france
kaorun343,japan
posva,Undefined
defcc,china
FezVrasta,hungary
likealcohol,Undefined
mingmingwon,china
Hanks10100,blank field
phanan,germany
jlmakes,united states
defcc,china
KingMario,china
mitar,blank field
arielpchara,Undefined
nicmitchell,philippines
Formatted,blank field
defcc,china
Hanks10100,blank field
defcc,china
Jinjiang,china
kazupon,Undefined
miherlosev,russia
yu1222,blank field
defcc,china
defcc,china
bluemsn,blank field
HerringtonDarkholme,Undefined
Hanks10100,blank field
blake-newman,Undefined
lmf,blank field
defcc,china
fliptheweb,thailand
defcc,china
brycepj,blank field
semenyukdmitry,blank field
kazupon,Undefined
Jinjiang,china
HerringtonDarkholme,Undefined
defcc,china
posva,france
defcc,china
lmf,blank field
jbruni,brazil
defcc,china
xqin,blank field
marshallshen,united states
mehwww,china
defcc,china
phanan,germany
Hanks10100,blank field
defcc,china
posva,france
miherlosev,russia
sampsonli,china
j3l11234,Undefined
chrisvfritz,united states
KingMario,china
defcc,china
kazupon,Undefined
defcc,china
Jinjiang,china
kaorun343,japan
defcc,china
ktsn,singapore
HerringtonDarkholme,Undefined
blake-newman,Undefined
marcosmoura,brazil
hyiso,china
ktsn,singapore
defcc,china
posva,france
KingMario,china
ktsn,singapore
defcc,china
HerringtonDarkholme,Undefined
decademoon,australia
defcc,china
ghost,Undefined
lgabster,Undefined
knerg,blank field
defcc,china
soyal,Undefined
Jinjiang,china
salihsagdilek,turkey
Jinjiang,china
Jinjiang,china
posva,france
defcc,china
defcc,china
coolaj86,united states
dsonet,china
SeanJM,canada
defcc,china
HerringtonDarkholme,Undefined
odangosan,blank field
alex-bowers,united kingdom
kaorun343,japan
jingsam,china
PowerfulPony,russia
kaorun343,japan
defcc,china
HerringtonDarkholme,Undefined
sapics,japan
ljanecek,czechia
pvorona,belarus
jingsam,china
phanan,germany
eco747,blank field
chrisvfritz,united states
KingMario,china
KingMario,china
defcc,china
posva,france
shreeve,blank field
bmax,united states
bmax,united states
shreeve,blank field
PeterDaveHello,taiwan
HerringtonDarkholme,Undefined
defcc,china
HerringtonDarkholme,Undefined
AlexandreBonneau,Undefined
chrisvfritz,united states
javoski,united states
bringtree,blank field
leonlau,blank field
chrisvfritz,united states
defcc,china
guidobouman,Undefined
defcc,china
fnlctrl,Undefined
Jinjiang,china
defcc,china
limonte,Undefined
defcc,china
chrisvfritz,united states
defcc,china
ktsn,singapore
defcc,china
defcc,china
vinkla,Undefined
phanan,germany
posva,france
defcc,china
SebastianS90,blank field
posva,france
kaorun343,japan
Henni,germany
fergaldoyle,blank field
danreeves,united kingdom
posva,france
defcc,china
HerringtonDarkholme,Undefined
bluemsn,blank field
defcc,china
bluemsn,blank field
Litor,blank field
interhui,Undefined
fergaldoyle,blank field
alexbowers,united kingdom
ktsn,singapore
blocka,blank field
fergaldoyle,blank field
ghost,Undefined
ktsn,singapore
monkindey,china
KingMario,china
carduz,italy
ktsn,singapore
neilguangzhou,china
ly525,blank field
Tribex,Undefined
kingdaro,blank field
kaorun343,japan
iagafonov,blank field
ktsn,singapore
kaorun343,japan
kaorun343,japan
HerringtonDarkholme,Undefined
kaorun343,japan
QingWei-Li,china
javoski,united states
imyzf,china
bopjesvla,blank field
njleonzhang,china
javisperez,dominican republic
gsouf,france
kaorun343,japan
BrandonSurowiec,united states
Grafikart,france
zigomir,united states
sirzxj,blank field
sirzxj,blank field
sergiirocks,germany
zigomir,united states
chrisvfritz,united states
chrisvfritz,united states
zzzkk2009,china
ktsn,singapore
Eden-Sun,taiwan
chrisvfritz,united states
nblackburn,united kingdom
skyronic,blank field
simonmysun,Undefined
tommyZZM,china
bowen31337,australia
bowen31337,australia
tommyZZM,china
vird,blank field
imyzf,china
bopjesvla,blank field
njleonzhang,china
javisperez,dominican republic
gsouf,france
kaorun343,japan
BrandonSurowiec,united states
Grafikart,france
zigomir,united states
sirzxj,blank field
sirzxj,blank field
sergiirocks,germany
zigomir,united states
chrisvfritz,united states
chrisvfritz,united states
zzzkk2009,china
ktsn,singapore
Eden-Sun,taiwan
chrisvfritz,united states
nblackburn,united kingdom
skyronic,blank field
simonmysun,Undefined
tommyZZM,china
bowen31337,australia
bowen31337,australia
tommyZZM,china
vird,blank field
rekateka,Undefined
sdaikichi,blank field
kazupon,Undefined
zigomir,united states
hylin,blank field
kazupon,Undefined
kazupon,Undefined
kazupon,Undefined
kazupon,Undefined
furybean,china
kazupon,Undefined
simplesmiler,Undefined
kazupon,Undefined
nervgh,russia
zigomir,united states
johonunu,serbia
posva,france
maraisr,australia
ianwalter,united states
soitif,china
maraisr,australia
simplesmiler,Undefined
a0viedo,argentina
franciscolourenco,germany
kazupon,Undefined
dsonet,china
posva,france
posva,france
simplesmiler,Undefined
kazupon,Undefined
miccycn,china
dsonet,china
simplesmiler,Undefined
lbausch,blank field
dsonet,china
dsonet,china
lepture,Undefined
leemotive,blank field
kazupon,Undefined
kazupon,Undefined
kazupon,Undefined
brendanbowidas,united states
bartlomieju,poland
ktsn,singapore
kazupon,Undefined
kazupon,Undefined
knpwrs,blank field
bartlomieju,poland
bartlomieju,poland
Jinjiang,china
kazupon,Undefined
brendanbowidas,united states
kazupon,Undefined
simplesmiler,Undefined
kazupon,Undefined
kazupon,Undefined
blake-newman,Undefined
blake-newman,Undefined
posva,france
brendanbowidas,united states
Jinjiang,china
Jinjiang,china
kazupon,Undefined
kazupon,Undefined
bopjesvla,blank field
dennisreimann,germany
kazupon,Undefined
kazupon,Undefined
Jinjiang,china
phanan,germany
Jinjiang,china
kazupon,Undefined
Jinjiang,china
kazupon,Undefined
kazupon,Undefined
kazupon,Undefined
blake-newman,Undefined
blake-newman,Undefined
blake-newman,Undefined
blake-newman,Undefined
phanan,germany
phanan,germany
tejitak,thailand
tejitak,thailand
nunnly,china
blake-newman,Undefined
blake-newman,Undefined
kazupon,Undefined
zigomir,united states
blake-newman,Undefined
zigomir,united states
okoala,china
phanan,germany
phanan,germany
phanan,germany
phanan,germany
phanan,germany
pespantelis,greece
razh,united states
Jinjiang,china
blake-newman,Undefined
FadyMak,blank field
iahu,Undefined
Jinjiang,china
Jinjiang,china
sebastiandedeyne,Undefined
blake-newman,Undefined
phanan,germany
pespantelis,greece
blake-newman,Undefined
flytreeleft,china
flytreeleft,china
rmcdaniel,united states
flytreeleft,china
crswll,united states
phanan,germany
duanjun,blank field
GuillaumeLeclerc,switzerland
simplesmiler,Undefined
simplesmiler,Undefined
eric6356,united states
posva,france
hugofqueiros,spain
sirlancelot,united states
paulpflug,germany
phanan,germany
mohamedhayibor,blank field
simplesmiler,Undefined
blake-newman,Undefined
posva,france
posva,france
kazupon,Undefined
phanan,germany
phanan,germany
zigomir,united states
kazupon,Undefined
posva,france
skyronic,blank field
rowanwins,australia
ealves-pt,spain
FadyMak,blank field
rowanwins,australia
oaleynik,blank field
kazupon,Undefined
jbrooksuk,united kingdom
kazupon,Undefined
simplesmiler,Undefined
Justineo,china
rhyzx,china
anfelor,germany
saul,united kingdom
crswll,united states
rpkilby,united states
angelnuernberg,blank field
rhyzx,china
mtpc,blank field
meowwwls,united states
brentguf,belgium
meowwwls,united states
gebilaoxiong,china
VincentGarreau,france
kazupon,Undefined
Brooooooklyn,china
OEvgeny,blank field
Jinjiang,china
Jinjiang,china
thecrypticace,blank field
kazupon,Undefined
Jinjiang,china
gebilaoxiong,china
atsushiss15,japan
rhyzx,china
tgeorgiev,blank field
tgeorgiev,blank field
Gerhut,china
Gerhut,china
elsassph,united kingdom
amirrustam,united states
wizardpisces,blank field
rhyzx,china
rhyzx,china
timwangdev,china
oldlam,hong kong
pespantelis,greece
galenyuan,china
gebilaoxiong,china
pespantelis,greece
PavelCSS,Undefined
jeremyfa,france
tilleps,blank field
karevn,blank field
xueyaodeai,blank field
kaorun343,japan
tgeorgiev,blank field
lepture,Undefined
rhyzx,china
huangyifu,blank field
mazpe,united states
skyline0705,blank field
cnchanning,china
huangyifu,blank field
huangyifu,blank field
yyx990803,Undefined
karevn,blank field
kazupon,Undefined
toplan,china
kazupon,Undefined
purekid,china
jdavidberger,blank field
kazupon,Undefined
jdavidberger,blank field
yulon,china
fergaldoyle,blank field
Mat-Moo,Undefined
ccqgithub,blank field
fixmycode,panama
TerenceZ,china
TerenceZ,china
kazupon,Undefined
fergaldoyle,blank field
vprimachenko,blank field
vprimachenko,blank field
zxdvd,blank field
Teevio,australia
bdedardel,Undefined
karevn,blank field
vprimachenko,blank field
wprater,Undefined
kazupon,Undefined
BYODKM,japan
kazupon,Undefined
evantre,china
evantre,china
weislanes,Undefined
weislanes,Undefined
aqnouch,morocco
nkovacs,blank field
yuche,blank field
zOxta,blank field
nkovacs,blank field
nkovacs,blank field
Coffcer,Undefined
greennyreborn,blank field
lepture,Undefined
VladimirShestakov,russia
Jinjiang,china
karevn,blank field
karevn,blank field
yyx990803,Undefined
karevn,blank field
azamat-sharapov,Undefined
pespantelis,greece
fergaldoyle,blank field
kazupon,Undefined
myst729,china
young-steveo,united states
young-steveo,united states
fergaldoyle,blank field
nervgh,russia
kkirsche,Undefined
OEvgeny,blank field
OEvgeny,blank field
alchen,united states
macroxing,blank field
KuroGuo,china
dgerber,blank field
thelinuxlich,Undefined
azamat-sharapov,Undefined
holic,blank field
sjoerdvisscher,Undefined
sjoerdvisscher,Undefined
knownasilya,united states
TerenceZ,china
janschoenherr,blank field
dgerber,blank field
nkovacs,blank field
nkovacs,blank field
njovin,united states
njovin,united states
tscanlin,united states
tscanlin,united states
nazo,japan
tscanlin,united states
nazo,japan
zhongxingdou,china
zhongxingdou,china
zhongxingdou,china
zhongxingdou,china
janschoenherr,blank field
kazupon,Undefined
zhongxingdou,china
44px,united states
calebboyd,united states
calebboyd,united states
calebboyd,united states
rrrene,Undefined
zhongxingdou,china
dannydulai,united states
boussou,blank field
skovhus,Undefined
skovhus,Undefined
skovhus,Undefined
BigBlueHat,liberia
Craga89,united kingdom
BigBlueHat,liberia
moznion,japan
tyage,japan
zxc122333,Undefined
alekzonder,blank field
remoe,switzerland
tiffon,united states
tinchoz49,Undefined
jmonma,philippines
jmonma,philippines
agonbina,germany
ayamflow,united states
xrado,slovenia
rfkm,japan
dmfilipenko,ukraine
diverted247,united states
diverted247,united states
jordangarcia,blank field
wprater,Undefined
afc163,china
ryanatkn,Undefined
kewah,sweden
kewah,sweden
shinnn,japan
dmfilipenko,ukraine
dmfilipenko,ukraine
afc163,china
rafaelrinaldi,blank field
bpierre,united kingdom